integration_step,coord0,coord1,coord2,coord3,exec_time
0,-2,12,-8,0,47683
0,-2,12,-7,2,77229
0,-2,12,-8,2,84775
0,-1,12,-8,1,131252
0,-1,12,-7,1,134570
0,-1,12,-8,2,173004
0,-1,12,-7,2,177273
0,-1,11,-8,2,181929
1,-2,12,-8,0,44374
1,-2,12,-8,2,92903
1,-1,12,-8,1,163187
1,-1,11,-8,1,168150
1,-1,10,-8,2,191171
1,-1,12,-8,2,204795
1,-1,12,-7,2,197513
1,-1,11,-8,2,214943
2,-2,12,-8,1,72289
2,-2,12,-8,2,89742
2,-2,11,-8,2,91224
2,-1,11,-8,1,148936
2,-1,12,-8,1,158482
2,-1,10,-8,2,192749
2,-1,12,-8,2,190801
2,-1,11,-8,2,203833
3,-2,12,-8,0,57927
3,-2,12,-8,1,75722
3,-1,10,-8,1,147259
3,-1,11,-8,1,165703
3,-1,11,-7,1,166323
3,-1,12,-8,1,185744
3,-1,10,-8,2,199754
3,-1,12,-8,2,244358
4,-2,12,-8,1,87639
4,-2,11,-8,1,88026
4,-2,10,-8,1,88150
4,-2,12,-8,2,110483
4,-1,10,-7,1,143356
4,-1,11,-7,1,149119
4,-1,10,-8,1,154778
4,-1,10,-8,2,203097
5,-3,12,-8,2,56153
5,-2,10,-8,1,79021
5,-2,10,-8,2,107223
5,-2,12,-8,2,112961
5,-1,10,-8,1,149166
5,-1,10,-7,1,153354
5,-1,10,-7,2,200298
5,-1,10,-8,2,203638
6,-2,10,-8,0,62154
6,-2,9,-8,1,75134
6,-2,10,-8,1,83841
6,-2,9,-8,2,97379
6,-2,10,-8,2,107155
6,-1,10,-8,1,148454
6,-1,9,-8,2,183534
6,-1,10,-8,2,194574
7,-2,10,-7,1,80518
7,-2,11,-8,1,82484
7,-2,10,-8,1,86432
7,-2,10,-8,2,113953
7,-1,10,-7,1,149219
7,-1,10,-8,1,158291
7,-1,10,-7,2,199627
7,-1,10,-8,2,202742
8,-2,10,-7,1,85898
8,-2,11,-8,1,88155
8,-2,10,-8,1,88922
8,-2,9,-8,2,109291
8,-2,10,-8,2,109125
8,-1,10,-8,0,118037
8,-1,10,-8,1,159303
8,-1,10,-8,2,211082
9,-3,10,-8,2,60787
9,-2,10,-8,0,76765
9,-2,9,-8,1,77699
9,-2,10,-8,1,83994
9,-1,10,-8,1,85711
9,-1,10,-8,0,86496
9,-1,10,-8,2,99553
9,-2,10,-8,2,105452
10,-3,10,-8,1,47778
10,-2,10,-8,1,82869
10,-2,10,-7,2,102322
10,-2,10,-8,2,113370
10,-1,10,-8,1,168925
10,-1,11,-8,1,177250
10,-1,9,-8,2,187432
10,-1,10,-8,2,212099
11,-2,10,-8,1,90582
11,-2,11,-8,1,99697
11,-2,10,-8,2,124990
11,-2,11,-8,2,132530
11,-1,10,-8,1,173283
11,-1,11,-8,1,194902
11,-1,9,-8,2,206279
11,-1,10,-8,2,224175
12,-3,10,-8,2,61798
12,-2,11,-8,0,75973
12,-2,11,-8,1,112826
12,-2,10,-8,2,114854
12,-2,11,-8,2,128713
12,-1,11,-8,0,131065
12,-1,11,-8,1,176780
12,-1,11,-8,2,248265
13,-2,11,-8,0,76182
13,-2,11,-7,1,96209
13,-2,11,-8,1,96876
13,-2,11,-7,2,119648
13,-2,11,-8,2,128130
13,-1,10,-8,1,177491
13,-1,11,-8,1,189411
13,-1,11,-8,2,252452
14,-3,11,-8,1,53069
14,-1,11,-8,0,75072
14,-2,11,-8,1,95766
14,-1,11,-8,1,101697
14,-2,10,-8,2,107113
14,-1,11,-8,2,122819
14,-2,11,-8,2,126815
14,-1,11,-7,2,126993
15,-3,11,-8,1,48417
15,-2,11,-8,1,89410
15,-2,12,-8,2,131445
15,-2,11,-8,2,136396
15,-1,11,-8,0,157449
15,-1,11,-8,1,203659
15,-1,10,-8,2,244100
15,-1,11,-8,2,262432
16,-3,11,-8,1,52479
16,-3,12,-8,1,54629
16,-3,12,-8,2,67698
16,-2,12,-8,2,131184
16,-1,11,-8,0,144444
16,-1,10,-8,2,244443
16,-1,11,-8,2,268013
16,-1,12,-8,2,293061
17,-4,12,-8,2,34046
17,-3,11,-8,0,39487
17,-3,11,-8,1,51710
17,-3,12,-8,2,66575
17,-1,11,-8,0,130167
17,-1,10,-8,1,165259
17,-1,10,-8,2,232994
17,-1,11,-8,2,243935
18,-4,12,-8,1,27986
18,-4,12,-7,2,30113
18,-4,12,-8,2,32628
18,-3,11,-8,0,37794
18,-3,11,-8,1,43931
18,-3,12,-8,2,56495
18,-2,10,-8,2,103197
18,-1,10,-8,2,229464
19,-4,12,-8,0,20736
19,-4,12,-7,0,22605
19,-4,12,-8,1,25747
19,-4,12,-7,2,27883
19,-4,12,-8,2,31333
19,-4,11,-8,2,35042
19,-3,12,-8,1,40362
19,-3,12,-8,2,48832
20,-4,12,-8,0,22291
20,-4,12,-6,2,26389
20,-4,12,-8,1,29301
20,-4,12,-7,2,29597
20,-4,12,-8,2,29912
20,-4,11,-8,2,32113
20,-4,10,-8,2,32931
20,-3,12,-8,0,36638
21,-4,12,-8,0,20755
21,-4,12,-7,1,22563
21,-4,12,-8,1,25853
21,-4,12,-7,2,27580
21,-4,12,-8,2,29817
21,-4,10,-8,2,31038
21,-4,10,-8,1,31712
21,-3,12,-7,2,46287
22,-4,12,-7,1,21245
22,-4,12,-7,0,21732
22,-4,9,-8,1,26711
22,-4,10,-8,1,27584
22,-4,10,-8,2,30218
22,-4,11,-7,2,31510
22,-4,12,-7,2,31446
22,-3,10,-8,2,50697
23,-4,12,-7,0,19406
23,-4,9,-8,0,22045
23,-4,10,-8,0,23329
23,-4,12,-7,1,23097
23,-4,12,-8,0,21608
23,-4,9,-8,1,27910
23,-4,10,-8,2,29858
23,-3,9,-8,1,40216
24,-4,9,-8,0,22052
24,-4,12,-7,0,19765
24,-4,9,-8,1,26288
24,-4,9,-8,2,30245
24,-4,10,-8,2,31874
24,-3,12,-7,0,31950
24,-3,9,-8,0,32808
24,-4,11,-8,2,35673
25,-4,12,-7,0,18615
25,-4,11,-7,0,19641
25,-4,12,-6,0,20835
25,-4,9,-8,0,23604
25,-4,9,-8,1,28384
25,-4,9,-8,2,32154
25,-3,9,-8,0,32288
25,-3,9,-8,1,40455
26,-4,11,-7,0,19136
26,-4,9,-8,0,22463
26,-4,10,-8,0,25272
26,-4,9,-8,1,28718
26,-4,11,-7,2,28242
26,-4,9,-8,2,30337
26,-4,9,-7,2,31720
26,-3,9,-8,0,34118
27,-4,12,-7,0,19496
27,-4,11,-7,0,19648
27,-4,9,-8,0,22079
27,-4,10,-8,0,22420
27,-4,9,-8,1,26596
27,-4,11,-7,1,26457
27,-4,9,-8,2,30754
27,-3,9,-8,2,49366
28,-4,9,-8,0,21639
28,-4,11,-7,1,23236
28,-4,12,-7,1,24983
28,-4,9,-8,1,25587
28,-4,10,-8,0,25467
28,-4,9,-8,2,29939
28,-3,9,-8,0,33649
28,-3,9,-8,2,48699
29,-4,9,-7,0,19238
29,-4,9,-8,0,19971
29,-4,11,-7,1,23242
29,-4,12,-7,1,23531
29,-4,9,-8,1,25007
29,-4,10,-8,1,25252
29,-4,11,-7,0,27281
29,-4,9,-8,2,28883
30,-4,10,-8,0,20925
30,-4,9,-8,0,22169
30,-4,9,-7,1,24116
30,-4,11,-7,1,24169
30,-4,9,-8,1,25801
30,-4,9,-7,2,26604
30,-4,12,-7,1,27248
30,-4,9,-8,2,32884
31,-4,9,-7,0,18642
31,-4,9,-8,0,21609
31,-4,9,-7,1,23025
31,-4,9,-8,1,24828
31,-4,9,-7,2,25742
31,-4,9,-8,2,30561
31,-4,10,-8,2,31376
31,-3,9,-8,1,39978
32,-4,9,-7,0,19069
32,-4,9,-8,0,22261
32,-4,10,-8,1,24247
32,-4,9,-7,1,25299
32,-4,9,-8,1,26333
32,-4,9,-8,2,29812
32,-4,10,-8,2,30653
32,-3,9,-8,0,41076
33,-4,10,-8,0,20845
33,-4,9,-8,0,25708
33,-4,9,-7,1,25727
33,-4,9,-8,1,27197
33,-4,9,-6,1,27323
33,-4,9,-8,2,29787
33,-4,10,-8,2,35569
33,-3,9,-8,1,41073
34,-4,9,-8,0,21411
34,-4,10,-7,1,23090
34,-4,9,-6,1,23549
34,-4,9,-8,1,25204
34,-4,9,-7,1,27472
34,-4,10,-8,2,30462
34,-4,9,-8,2,34581
34,-3,9,-8,2,55518
35,-4,9,-8,0,21024
35,-4,10,-7,1,24718
35,-4,9,-8,1,26052
35,-4,9,-7,1,29597
35,-4,9,-7,2,31025
35,-3,9,-8,0,34233
35,-4,9,-8,2,35055
35,-3,9,-8,1,42951
36,-4,10,-8,0,20532
36,-4,9,-8,0,22904
36,-4,9,-6,1,23209
36,-4,9,-7,1,24438
36,-4,9,-8,1,26810
36,-4,9,-8,2,30794
36,-3,9,-8,1,39497
36,-3,9,-8,2,55395
37,-4,10,-8,0,20624
37,-4,9,-8,0,21969
37,-4,9,-6,1,22429
37,-4,9,-7,1,23166
37,-4,9,-8,1,23712
37,-4,10,-8,2,28813
37,-4,9,-8,2,30598
37,-3,9,-8,1,46686
38,-4,10,-8,0,20452
38,-4,9,-6,1,22065
38,-4,9,-7,1,22875
38,-4,9,-8,0,24389
38,-4,9,-8,1,26081
38,-4,10,-8,2,29826
38,-4,9,-8,2,32613
38,-3,9,-8,1,41177
39,-4,9,-8,0,21051
39,-4,10,-8,1,24645
39,-4,9,-7,1,27154
39,-4,9,-8,1,30021
39,-4,9,-7,2,30289
39,-4,9,-8,2,32463
39,-3,9,-8,0,32786
39,-3,9,-7,1,40108
40,-4,9,-6,1,21940
40,-4,9,-7,1,22613
40,-4,10,-8,1,26615
40,-4,9,-8,1,27222
40,-4,10,-7,2,28548
40,-4,9,-7,2,30472
40,-4,9,-8,2,32087
40,-3,9,-8,1,40420
41,-4,9,-7,0,22740
41,-4,9,-7,1,23358
41,-4,9,-8,1,24584
41,-4,10,-8,1,25575
41,-4,9,-7,2,28871
41,-4,9,-8,2,30255
41,-3,9,-7,2,48791
41,-3,9,-8,2,50268
42,-4,9,-7,1,22363
42,-4,10,-8,1,23976
42,-4,9,-8,1,24609
42,-4,9,-7,2,28506
42,-4,10,-7,2,28911
42,-4,9,-8,2,33367
42,-3,9,-7,1,38635
42,-3,9,-8,2,50694
43,-4,9,-8,0,20855
43,-4,10,-7,1,21146
43,-4,9,-6,1,21638
43,-4,9,-8,1,24667
43,-4,9,-7,1,25085
43,-4,9,-7,2,27315
43,-4,9,-8,2,31207
43,-3,9,-8,1,36896
44,-4,9,-7,0,18889
44,-4,9,-8,0,20167
44,-4,9,-7,1,21596
44,-4,10,-7,1,21504
44,-4,9,-8,1,24829
44,-4,10,-8,1,25775
44,-4,9,-7,2,27211
44,-4,9,-8,2,30067
45,-4,9,-7,0,18265
45,-4,9,-8,0,20224
45,-4,9,-6,1,21631
45,-4,9,-8,1,23506
45,-4,9,-7,1,25286
45,-4,10,-8,2,27719
45,-4,9,-8,2,29878
45,-3,9,-8,1,36491
46,-4,9,-7,0,17192
46,-4,9,-8,0,19363
46,-4,9,-7,1,21415
46,-4,10,-8,0,21493
46,-4,10,-7,1,22215
46,-4,9,-8,1,23496
46,-4,10,-8,1,25182
46,-4,9,-8,2,27164
47,-4,9,-8,0,18854
47,-4,9,-6,1,18366
47,-4,9,-7,0,19809
47,-4,9,-7,1,20928
47,-4,9,-8,1,22199
47,-4,9,-8,2,27823
47,-4,9,-7,2,27901
47,-3,9,-8,2,48959
48,-4,9,-8,0,18790
48,-4,9,-6,1,18383
48,-4,9,-7,0,20191
48,-4,9,-7,1,20626
48,-4,9,-8,1,23662
48,-4,9,-7,2,24022
48,-4,9,-8,2,26974
48,-3,9,-8,2,48481
49,-4,9,-7,0,16617
49,-4,9,-7,1,20665
49,-4,9,-8,1,25043
49,-4,10,-7,2,24538
49,-4,9,-7,2,25665
49,-4,9,-6,2,25851
49,-4,9,-8,2,27759
49,-3,9,-8,1,34555
50,-4,9,-8,0,20650
50,-4,9,-7,1,20869
50,-4,9,-6,2,22041
50,-4,9,-8,1,22978
50,-4,9,-7,2,24275
50,-4,9,-8,2,25683
50,-4,10,-8,2,25793
50,-3,9,-8,1,34406
51,-4,9,-7,0,18490
51,-4,9,-8,0,18951
51,-4,9,-7,1,19613
51,-4,10,-8,1,21039
51,-4,9,-8,1,21755
51,-4,10,-7,1,21637
51,-4,10,-8,0,25158
51,-4,9,-8,2,26307
52,-4,9,-7,0,17590
52,-4,10,-8,0,17541
52,-4,9,-8,0,18031
52,-4,9,-7,1,20510
52,-4,9,-8,1,21735
52,-4,10,-8,1,22169
52,-4,9,-8,2,27574
52,-3,9,-8,2,46927
53,-4,9,-8,0,18309
53,-4,10,-7,1,19503
53,-4,9,-8,1,21858
53,-4,9,-7,2,23376
53,-4,9,-7,1,24076
53,-4,9,-8,2,27917
53,-3,9,-8,0,27611
53,-4,10,-8,2,28491
54,-4,9,-8,0,19170
54,-4,9,-7,1,19633
54,-4,9,-8,1,24875
54,-4,9,-7,2,25199
54,-4,9,-8,2,27303
54,-3,9,-8,0,29219
54,-3,9,-7,1,32465
54,-3,9,-8,2,42015
55,-4,9,-8,0,18415
55,-4,9,-7,1,19701
55,-4,10,-7,1,20059
55,-4,9,-8,1,21376
55,-4,9,-8,2,25097
55,-3,9,-8,0,26377
55,-3,10,-7,1,28661
55,-3,9,-8,2,43737
56,-4,9,-7,0,16524
56,-4,9,-8,0,17784
56,-4,10,-8,0,19045
56,-4,9,-7,1,19447
56,-4,9,-8,1,21109
56,-4,9,-8,2,23534
56,-4,9,-7,2,25871
56,-3,9,-8,1,33567
57,-4,9,-7,0,16139
57,-4,9,-8,0,17874
57,-4,9,-7,1,19162
57,-4,11,-8,0,19070
57,-4,10,-8,0,19554
57,-4,9,-8,1,20737
57,-4,9,-8,2,23270
57,-3,9,-8,2,23950
58,-4,9,-8,0,18171
58,-4,9,-7,1,21488
58,-4,9,-8,1,23139
58,-4,9,-7,0,24265
58,-4,9,-8,2,26735
58,-4,10,-8,2,26449
58,-3,9,-8,1,32514
58,-3,9,-8,2,41672
59,-4,10,-8,0,18442
59,-4,9,-7,1,19373
59,-4,9,-8,0,21291
59,-4,10,-8,1,21166
59,-4,9,-7,0,22066
59,-4,9,-8,1,23101
59,-4,9,-7,2,22640
59,-4,9,-8,2,24602
60,-4,9,-7,0,16480
60,-4,9,-8,0,17316
60,-4,9,-8,1,21981
60,-4,10,-8,0,21649
60,-4,9,-8,2,26218
60,-4,9,-7,2,29568
60,-3,9,-8,0,29690
60,-3,9,-8,2,38981
61,-4,9,-8,0,18047
61,-4,9,-7,0,21210
61,-4,9,-8,1,22906
61,-4,9,-7,2,24068
61,-4,10,-8,1,24856
61,-4,9,-8,2,25112
61,-4,10,-8,2,29133
61,-3,9,-8,1,30960
62,-4,9,-8,0,17420
62,-4,9,-7,0,17511
62,-4,10,-8,0,21091
62,-4,10,-8,1,21675
62,-4,9,-8,1,22412
62,-4,9,-7,2,22263
62,-4,9,-8,2,23605
62,-4,10,-8,2,26750
63,-4,9,-8,0,17759
63,-4,9,-7,0,19676
63,-4,10,-8,0,19259
63,-4,9,-8,1,21279
63,-4,9,-7,1,22510
63,-4,9,-8,2,24795
63,-4,9,-7,2,24933
63,-3,9,-7,2,34840
64,-4,9,-7,0,8616
64,-4,9,-7,1,12460
64,-4,9,-8,0,16999
64,-4,9,-8,2,19921
64,-4,9,-8,1,20250
64,-4,10,-8,0,12703
64,-4,9,-7,2,17155
64,-4,10,-8,2,19214
65,-4,9,-6,0,14122
65,-4,9,-8,0,18334
65,-4,9,-7,0,18678
65,-4,10,-8,1,18534
65,-4,9,-8,1,22709
65,-4,9,-7,2,22787
65,-4,10,-8,2,26832
65,-4,9,-8,2,27954
66,-4,10,-8,0,16262
66,-4,9,-8,0,16692
66,-4,10,-8,1,20076
66,-4,10,-7,0,15435
66,-4,9,-8,1,20995
66,-4,9,-7,0,20973
66,-4,9,-8,2,23739
66,-4,10,-8,2,26112
67,-4,9,-6,0,13259
67,-4,10,-7,0,14233
67,-4,9,-7,0,14471
67,-4,9,-8,0,17437
67,-4,9,-8,2,21178
67,-4,9,-8,1,22562
67,-3,9,-8,1,28968
67,-3,9,-8,2,35813
68,-4,10,-8,0,16061
68,-4,9,-8,0,17032
68,-4,9,-7,0,18028
68,-4,9,-8,1,19369
68,-4,9,-8,2,22867
68,-4,9,-7,1,24309
68,-3,9,-8,1,29141
68,-3,9,-8,2,37538
69,-4,9,-8,0,16057
69,-4,9,-6,0,16650
69,-4,10,-8,0,17329
69,-4,9,-8,1,19758
69,-4,9,-7,0,20272
69,-4,9,-7,2,20323
69,-4,9,-8,2,22090
69,-3,9,-8,1,27273
70,-4,9,-7,0,14661
70,-4,10,-8,0,16344
70,-4,9,-8,0,17702
70,-4,10,-8,1,19197
70,-4,9,-8,1,20010
70,-4,10,-7,0,12491
70,-4,10,-8,2,22479
70,-4,9,-8,2,24487
71,-4,9,-8,0,16072
71,-4,9,-7,0,16105
71,-4,9,-7,1,18266
71,-4,9,-8,2,22493
71,-4,10,-8,0,22221
71,-4,9,-8,1,22930
71,-4,10,-8,2,22754
71,-3,9,-8,1,27897
72,-4,9,-7,0,15692
72,-4,9,-8,0,16263
72,-4,9,-6,0,17957
72,-4,9,-7,1,19958
72,-4,9,-8,1,20433
72,-4,9,-8,2,23062
72,-4,10,-8,2,22928
72,-4,9,-7,2,23531
73,-4,9,-8,0,16695
73,-4,9,-7,0,17497
73,-4,9,-8,1,19939
73,-4,9,-7,1,20132
73,-4,9,-8,2,24895
73,-3,9,-8,0,24885
73,-4,9,-7,2,25457
73,-3,9,-8,2,42026
74,-4,9,-8,0,15676
74,-4,9,-7,0,18957
74,-4,9,-7,1,19077
74,-4,9,-8,1,19427
74,-4,9,-7,2,20546
74,-4,10,-8,1,20831
74,-4,9,-8,2,22564
74,-3,9,-7,0,27099
75,-4,9,-7,0,12872
75,-4,9,-8,0,14836
75,-4,10,-8,0,15573
75,-4,9,-8,1,19015
75,-4,9,-7,1,17182
75,-4,9,-6,0,18884
75,-4,9,-8,2,21738
75,-4,9,-7,2,19792
76,-4,9,-7,0,14465
76,-4,9,-8,0,16786
76,-4,9,-7,1,16940
76,-4,9,-8,1,19107
76,-4,10,-8,1,19222
76,-4,10,-7,0,20877
76,-4,9,-8,2,21755
76,-3,9,-8,0,28123
77,-4,9,-7,0,14050
77,-4,10,-7,0,14259
77,-4,9,-8,0,15952
77,-4,9,-6,1,16724
77,-4,9,-7,1,17324
77,-4,9,-8,1,19095
77,-4,10,-7,1,16277
77,-4,9,-8,2,21894
78,-4,9,-6,0,12881
78,-4,9,-8,0,15598
78,-4,9,-6,1,15616
78,-4,9,-7,0,15973
78,-4,9,-7,1,17066
78,-4,9,-8,1,19176
78,-3,9,-8,0,22527
78,-3,9,-8,1,31483
79,-4,9,-7,0,16074
79,-4,10,-8,0,15713
79,-4,9,-8,0,17507
79,-4,9,-7,1,21716
79,-4,9,-8,1,22612
79,-4,9,-8,2,23192
79,-3,9,-7,0,23752
79,-3,9,-8,1,29235
80,-4,10,-8,0,15689
80,-4,9,-7,0,17156
80,-4,9,-8,0,17725
80,-4,9,-7,1,18086
80,-4,9,-8,1,19493
80,-3,9,-8,0,23002
80,-4,10,-8,2,23437
80,-4,9,-8,2,26039
81,-4,9,-7,1,19112
81,-4,9,-8,1,19506
81,-4,9,-8,0,20148
81,-4,9,-7,0,20882
81,-4,9,-8,2,24256
81,-3,9,-8,0,26920
81,-3,9,-8,1,29974
81,-3,9,-8,2,35685
82,-4,9,-8,0,14126
82,-4,9,-7,0,14494
82,-4,9,-7,1,18044
82,-4,10,-7,0,17006
82,-4,9,-7,2,20538
82,-4,9,-8,1,21992
82,-4,9,-8,2,21914
82,-4,10,-8,2,21279
83,-4,9,-7,0,13129
83,-4,9,-6,0,14239
83,-4,9,-8,0,17263
83,-4,10,-8,0,15834
83,-4,9,-8,1,20478
83,-4,9,-8,2,20917
83,-3,9,-7,0,23885
83,-3,9,-8,1,26844
84,-4,9,-7,0,12273
84,-4,10,-8,0,14453
84,-4,9,-8,0,15655
84,-4,9,-8,1,18468
84,-4,9,-7,1,18747
84,-4,9,-8,2,23578
84,-3,9,-8,1,25698
84,-3,9,-8,2,35097
85,-4,9,-8,0,16153
85,-4,9,-7,0,16668
85,-4,9,-8,1,20264
85,-4,9,-7,2,20368
85,-4,9,-8,2,23209
85,-3,9,-8,1,30089
85,-3,9,-8,2,36071
85,-2,9,-8,1,53420
86,-4,9,-7,0,14971
86,-4,9,-7,1,18322
86,-4,9,-7,2,19210
86,-4,9,-8,1,20421
86,-4,9,-8,0,20709
86,-4,10,-8,1,21078
86,-4,9,-8,2,22656
86,-3,9,-7,0,23304
87,-4,9,-7,0,15038
87,-4,9,-8,0,16323
87,-4,9,-8,1,18432
87,-4,9,-7,1,20247
87,-4,10,-8,2,21097
87,-4,9,-8,2,22930
87,-3,9,-8,0,28625
87,-3,9,-8,1,28950
88,-4,9,-6,0,13141
88,-4,9,-7,0,14242
88,-4,9,-8,0,15876
88,-4,9,-8,1,18623
88,-4,9,-7,2,18892
88,-4,9,-8,2,21867
88,-3,9,-8,0,22690
88,-3,9,-8,1,28951
89,-4,9,-6,0,13155
89,-4,9,-7,0,14506
89,-4,9,-8,0,16693
89,-4,10,-8,1,19833
89,-4,9,-8,1,20779
89,-4,9,-7,2,21100
89,-4,9,-8,2,21715
89,-3,9,-8,0,23690
90,-4,10,-8,0,15727
90,-4,9,-8,0,17075
90,-4,9,-7,0,18047
90,-4,9,-7,1,18172
90,-4,9,-8,1,20575
90,-4,9,-7,2,20283
90,-4,10,-8,2,21008
90,-4,9,-8,2,22667
91,-4,9,-7,0,15606
91,-4,9,-8,0,16917
91,-4,9,-8,1,21164
91,-4,10,-8,2,21675
91,-3,9,-8,0,25069
91,-4,9,-8,2,25641
91,-3,9,-7,0,26321
91,-3,9,-8,1,30521
92,-4,9,-6,0,13327
92,-4,10,-8,0,15949
92,-4,9,-8,0,17007
92,-4,9,-7,0,16975
92,-4,10,-8,1,18622
92,-4,9,-8,1,20574
92,-4,9,-8,2,22403
92,-3,9,-8,2,34773
93,-4,9,-6,0,13526
93,-4,9,-7,0,15635
93,-4,9,-8,0,18117
93,-4,9,-7,2,18917
93,-4,9,-8,1,19863
93,-4,10,-8,1,21250
93,-4,9,-8,2,22022
93,-4,10,-8,2,24225
94,-4,9,-8,0,16970
94,-4,9,-7,0,16645
94,-4,10,-8,0,17845
94,-4,9,-7,1,19021
94,-4,9,-8,1,20958
94,-4,10,-8,2,21536
94,-4,9,-8,2,22366
94,-3,9,-8,1,31217
95,-4,10,-7,0,15274
95,-4,9,-7,0,16510
95,-4,9,-8,0,17155
95,-4,9,-7,1,20965
95,-4,9,-8,2,22023
95,-4,9,-8,1,23148
95,-3,9,-7,0,24993
95,-3,9,-8,0,25106
96,-4,9,-7,0,15305
96,-4,10,-7,0,15893
96,-4,9,-8,0,17377
96,-4,9,-6,1,17597
96,-4,9,-7,1,17931
96,-4,9,-8,1,19747
96,-4,9,-7,2,22224
96,-3,9,-8,0,25953
97,-4,9,-6,0,15079
97,-4,9,-7,0,16563
97,-4,9,-6,1,17603
97,-4,9,-8,1,18745
97,-4,9,-7,1,18912
97,-4,9,-8,0,19884
97,-3,9,-7,1,29328
97,-3,9,-8,1,29782
98,-4,9,-7,0,15415
98,-4,9,-8,0,17185
98,-4,9,-6,0,16859
98,-4,9,-6,1,17272
98,-4,9,-7,1,19395
98,-4,9,-8,1,20122
98,-4,10,-8,0,20964
98,-4,9,-8,2,22299
99,-4,9,-6,0,14677
99,-4,9,-7,0,15683
99,-4,9,-8,0,19054
99,-4,9,-8,1,21013
99,-4,9,-8,2,24027
99,-4,9,-7,2,25340
99,-3,9,-8,1,29506
99,-3,9,-8,2,39803
100,-4,9,-7,0,15298
100,-4,9,-8,0,16956
100,-4,10,-7,0,16507
100,-4,9,-8,1,21433
100,-4,9,-7,2,22542
100,-4,9,-8,2,23667
100,-3,9,-8,0,29122
100,-3,9,-8,2,42240
101,-4,9,-7,0,15844
101,-4,9,-8,0,18043
101,-4,9,-7,1,19560
101,-4,9,-8,1,21225
101,-4,9,-7,2,22012
101,-4,9,-8,2,24098
101,-4,10,-8,2,24689
101,-3,9,-8,2,45487
102,-4,9,-7,0,15887
102,-4,9,-8,0,17916
102,-4,9,-7,1,20117
102,-4,9,-7,2,22040
102,-4,9,-8,1,22704
102,-4,9,-8,2,23843
102,-3,9,-8,0,27756
102,-3,9,-8,2,42929
103,-4,9,-8,0,17771
103,-4,10,-8,0,17328
103,-4,9,-7,0,20266
103,-4,9,-7,1,21146
103,-4,9,-7,2,22021
103,-4,9,-8,2,24767
103,-3,9,-7,2,39466
103,-3,9,-8,2,40599
104,-4,9,-6,0,14844
104,-4,9,-7,0,15788
104,-4,9,-8,0,18726
104,-4,9,-7,2,22359
104,-4,10,-8,2,23774
104,-4,9,-8,2,24951
104,-3,9,-7,0,26593
104,-3,9,-8,0,28867
105,-4,9,-8,0,19188
105,-4,9,-7,0,19616
105,-4,9,-8,1,21967
105,-4,9,-7,2,25084
105,-4,10,-8,2,25283
105,-4,10,-7,2,25250
105,-4,9,-8,2,26206
105,-3,9,-7,0,30520
106,-4,9,-7,0,19686
106,-4,9,-8,0,20834
106,-4,9,-7,1,21683
106,-4,9,-8,1,23509
106,-4,9,-7,2,24427
106,-4,9,-8,2,25868
106,-3,9,-8,0,28635
106,-3,9,-8,1,38248
107,-4,9,-6,0,15830
107,-4,9,-7,0,18128
107,-4,9,-8,0,19996
107,-4,9,-8,1,20790
107,-4,9,-7,1,23245
107,-4,9,-7,2,23473
107,-3,9,-8,0,28670
107,-3,9,-7,1,33725
108,-4,9,-6,0,15833
108,-4,9,-7,0,17254
108,-4,10,-8,0,18790
108,-4,9,-8,0,19363
108,-4,10,-8,1,21223
108,-4,9,-8,1,22803
108,-4,9,-7,2,23066
108,-4,10,-7,2,24536
109,-4,9,-7,0,18072
109,-4,9,-7,1,19615
109,-4,9,-8,0,19932
109,-4,10,-8,0,21105
109,-4,9,-8,1,22476
109,-4,9,-7,2,24050
109,-4,10,-7,2,24210
109,-3,9,-7,0,29390
110,-4,9,-7,0,18646
110,-4,9,-8,0,19545
110,-4,9,-7,1,21817
110,-4,10,-7,0,22776
110,-4,10,-8,1,23244
110,-4,9,-8,1,25272
110,-4,9,-7,2,24847
110,-4,9,-8,2,27863
111,-4,9,-8,0,19995
111,-4,9,-8,1,24565
111,-4,9,-7,1,25037
111,-4,9,-7,0,25449
111,-4,9,-8,2,28426
111,-3,9,-7,0,29843
111,-3,9,-8,0,31006
111,-3,9,-8,1,37468
112,-4,9,-8,0,19849
112,-4,9,-7,0,20816
112,-4,9,-8,1,23566
112,-4,9,-7,1,23545
112,-4,9,-8,2,28377
112,-4,10,-8,2,28159
112,-3,9,-8,0,29610
112,-4,9,-7,2,30194
113,-4,9,-6,0,17261
113,-4,9,-7,0,19211
113,-4,9,-8,0,20400
113,-4,9,-8,1,24490
113,-4,9,-7,2,24630
113,-4,9,-7,1,26410
113,-4,9,-8,2,26698
113,-3,9,-8,1,40928
114,-4,9,-6,0,18752
114,-4,9,-7,0,19635
114,-4,9,-8,0,21330
114,-4,9,-8,1,24135
114,-4,9,-7,2,25632
114,-4,10,-8,2,27857
114,-4,9,-8,2,28450
114,-3,9,-8,1,38596
115,-4,9,-7,0,19132
115,-4,9,-8,0,21211
115,-4,9,-8,1,26507
115,-4,10,-8,2,27739
115,-4,9,-8,2,29019
115,-3,9,-8,0,33117
115,-3,9,-7,0,35909
115,-3,9,-8,1,40524
116,-4,9,-6,0,17930
116,-4,9,-7,0,19806
116,-4,9,-8,0,24557
116,-4,9,-8,1,26607
116,-4,9,-8,2,27447
116,-4,9,-7,2,28416
116,-3,9,-8,0,31616
116,-3,9,-8,1,41212
117,-4,9,-7,0,20330
117,-4,9,-8,0,21302
117,-4,9,-8,1,26035
117,-4,10,-8,1,27022
117,-4,9,-8,2,31820
117,-3,9,-8,0,33072
117,-3,9,-7,0,33072
117,-3,9,-8,1,43818
118,-4,10,-7,0,19940
118,-4,9,-7,0,21774
118,-4,9,-8,0,22490
118,-4,10,-8,0,22084
118,-4,9,-8,1,27105
118,-4,9,-7,2,29404
118,-4,9,-8,2,30207
118,-3,9,-8,2,57105
119,-4,9,-7,0,21122
119,-4,9,-8,0,22599
119,-4,9,-8,1,27505
119,-4,10,-8,1,27527
119,-4,9,-8,2,33039
119,-3,9,-7,0,37438
119,-3,9,-8,1,44771
119,-3,9,-8,2,54311
120,-4,9,-6,0,21050
120,-4,9,-7,0,21206
120,-4,9,-8,0,22832
120,-4,9,-8,1,26193
120,-4,10,-8,0,26234
120,-4,9,-8,2,30550
120,-4,10,-8,2,34145
120,-3,9,-8,1,43070
121,-4,9,-7,0,18107
121,-4,9,-8,0,18437
121,-4,9,-7,1,25116
121,-4,9,-8,1,27132
121,-4,9,-7,2,25395
121,-4,9,-8,2,32682
121,-3,9,-7,0,30427
121,-3,9,-8,1,40934
122,-4,10,-7,0,21361
122,-4,9,-8,0,24280
122,-4,9,-7,0,25410
122,-4,9,-8,1,27490
122,-4,10,-8,1,27347
122,-4,9,-7,2,30921
122,-4,9,-8,2,31933
122,-3,9,-8,0,42119
123,-4,9,-8,0,22890
123,-4,9,-8,1,28016
123,-4,9,-7,0,27759
123,-4,10,-8,1,29079
123,-4,9,-7,2,31978
123,-4,9,-8,2,33623
123,-4,10,-8,2,33726
123,-3,9,-8,0,42180
124,-4,9,-8,0,24897
124,-4,9,-7,0,25547
124,-4,10,-7,0,26645
124,-4,9,-8,1,29175
124,-4,9,-7,1,29853
124,-4,9,-8,2,36038
124,-3,9,-8,0,43480
124,-3,9,-8,1,48399
125,-4,9,-6,0,23781
125,-4,9,-7,0,25628
125,-4,9,-8,0,26700
125,-4,9,-8,1,30336
125,-4,9,-7,2,36170
125,-4,9,-8,2,37185
125,-3,9,-8,0,43922
125,-3,9,-8,2,72136
126,-4,9,-7,0,27978
126,-4,9,-8,0,32101
126,-4,10,-8,1,33523
126,-4,9,-8,1,35197
126,-4,9,-7,2,37457
126,-4,9,-8,2,39319
126,-3,9,-8,0,46039
126,-3,9,-8,2,78113
127,-4,10,-7,0,27252
127,-4,9,-8,0,29080
127,-4,10,-8,0,29518
127,-4,9,-8,1,34128
127,-4,9,-7,0,34099
127,-4,9,-8,2,38658
127,-4,9,-7,2,39604
127,-3,9,-8,0,48870
128,-4,9,-6,0,24998
128,-4,9,-8,0,30511
128,-4,9,-7,0,32439
128,-4,9,-7,1,32664
128,-4,9,-8,1,34167
128,-4,10,-8,1,33731
128,-4,9,-7,2,36694
128,-4,9,-8,2,38466
129,-4,9,-7,0,27407
129,-4,10,-7,0,27208
129,-4,9,-8,0,29818
129,-4,9,-7,1,32416
129,-4,9,-8,1,34996
129,-4,9,-8,2,37922
129,-4,9,-7,2,37229
129,-3,9,-8,0,47658
130,-4,9,-7,0,27039
130,-4,9,-8,0,30430
130,-4,9,-8,1,32601
130,-4,9,-7,1,34661
130,-4,9,-8,2,38411
130,-3,9,-8,0,48318
130,-3,9,-8,1,60685
130,-3,9,-8,2,76957
131,-4,9,-7,0,29594
131,-4,9,-8,0,30491
131,-4,10,-8,0,30243
131,-4,10,-8,1,34382
131,-4,9,-8,1,35333
131,-4,9,-7,2,38663
131,-4,9,-8,2,40845
131,-3,9,-7,0,48235
132,-4,9,-7,0,28546
132,-4,9,-8,0,30262
132,-4,10,-8,0,32894
132,-4,9,-8,1,35850
132,-4,9,-7,1,36067
132,-4,9,-7,2,39582
132,-4,9,-8,2,40359
132,-3,9,-7,0,47829
133,-4,9,-8,0,23245
133,-4,9,-7,0,31621
133,-4,9,-8,1,36192
133,-4,10,-8,2,41461
133,-4,9,-8,2,42010
133,-3,9,-7,0,44826
133,-3,9,-8,1,61879
133,-3,9,-8,2,75437
134,-4,9,-6,0,26619
134,-4,9,-8,0,30044
134,-4,9,-7,0,31595
134,-4,9,-8,1,33693
134,-4,9,-7,1,34542
134,-4,9,-8,2,38140
134,-4,9,-7,2,39426
134,-4,10,-8,2,39481
135,-4,9,-8,0,30268
135,-4,10,-8,0,30057
135,-4,9,-7,0,33574
135,-4,9,-8,1,35938
135,-4,9,-8,2,40507
135,-3,9,-7,0,47080
135,-3,9,-8,1,62638
135,-3,9,-8,2,77431
136,-4,9,-7,0,25452
136,-4,10,-8,0,30055
136,-4,9,-8,0,31413
136,-4,9,-8,1,33991
136,-4,9,-7,1,35349
136,-4,9,-8,2,39753
136,-4,10,-8,1,42456
136,-3,9,-8,2,91700
137,-4,9,-7,0,30527
137,-4,9,-8,0,32462
137,-4,9,-7,1,37301
137,-4,9,-8,1,39263
137,-4,9,-8,2,41736
137,-4,10,-8,1,41953
137,-4,10,-8,2,46190
137,-3,9,-7,0,49264
138,-4,9,-7,0,32016
138,-4,9,-8,0,33283
138,-4,9,-8,1,37537
138,-4,9,-7,1,37129
138,-4,9,-8,2,45080
138,-3,9,-8,0,52409
138,-3,9,-8,1,65823
138,-3,9,-8,2,86035
139,-4,10,-8,0,32387
139,-4,9,-8,0,33004
139,-4,9,-8,1,43186
139,-3,9,-8,0,54716
139,-3,9,-8,1,74573
139,-2,9,-8,0,90580
139,-3,9,-8,2,95723
139,-2,9,-8,1,135557
140,-4,9,-8,2,58862
140,-3,9,-7,0,69690
140,-3,9,-8,0,76399
140,-3,9,-7,1,83623
140,-3,9,-8,1,92140
140,-3,9,-8,2,108594
140,-2,9,-8,0,116378
140,-2,9,-8,1,150957
141,-3,9,-7,0,86000
141,-3,9,-8,0,90105
141,-3,9,-7,1,107956
141,-3,9,-7,2,136936
141,-3,9,-8,2,144497
141,-2,9,-8,0,150850
141,-2,9,-7,0,154794
141,-2,9,-8,1,196935
142,-3,9,-7,0,112447
142,-3,9,-8,1,155098
142,-3,9,-7,1,155066
142,-3,9,-8,2,190011
142,-3,9,-7,2,192166
142,-2,9,-7,1,280406
142,-2,9,-8,1,280725
142,-2,9,-8,2,376172
143,-3,9,-8,0,97575
143,-3,9,-8,1,127433
143,-3,10,-8,1,134273
143,-3,9,-8,2,150733
143,-2,9,-8,0,175196
143,-2,9,-8,1,222791
143,-2,9,-8,2,292883
143,-1,9,-8,2,858069
144,-3,9,-7,0,74096
144,-3,9,-8,0,78083
144,-3,10,-8,1,92303
144,-3,11,-8,1,97764
144,-3,9,-8,1,99330
144,-2,9,-8,0,119460
144,-2,9,-8,1,150463
144,-2,10,-8,1,164879
145,-3,10,-7,0,67065
145,-3,9,-8,0,69037
145,-3,10,-8,0,69819
145,-3,9,-7,1,77951
145,-3,9,-8,1,80077
145,-2,9,-8,1,125551
145,-2,10,-8,1,140255
145,-2,10,-8,2,191854
146,-4,9,-8,0,32707
146,-3,9,-8,0,57414
146,-3,10,-8,0,60050
146,-3,9,-8,1,70553
146,-3,9,-7,1,73771
146,-3,9,-7,2,84576
146,-2,9,-7,1,107469
146,-2,9,-8,1,115860
147,-3,9,-8,1,71574
147,-3,9,-7,1,71875
147,-3,9,-7,2,85577
147,-3,9,-8,2,86142
147,-2,9,-8,0,94678
147,-2,9,-7,1,112593
147,-2,9,-8,1,113071
147,-2,10,-7,1,116295
148,-4,9,-8,1,34254
148,-3,9,-8,1,62934
148,-2,9,-6,1,87392
148,-2,9,-8,1,97396
148,-2,10,-7,1,102072
148,-2,9,-7,1,103382
148,-2,10,-8,1,108042
148,-1,10,-7,1,189945
149,-2,9,-6,1,102120
149,-2,9,-7,1,108790
149,-2,10,-8,1,116406
149,-2,11,-8,1,121291
149,-2,9,-7,2,131016
149,-1,9,-7,1,169041
149,-1,9,-6,1,170071
149,-1,10,-7,1,181336
150,-3,9,-7,1,53273
150,-3,10,-8,1,56523
150,-2,9,-7,0,68298
150,-2,9,-7,1,79326
150,-2,10,-8,1,94879
150,-2,9,-7,2,97947
150,-2,10,-7,2,110717
150,-1,9,-7,1,137244
151,-4,9,-7,1,27074
151,-3,10,-7,1,46422
151,-3,9,-7,1,48191
151,-3,10,-8,1,50855
151,-2,9,-6,1,67597
151,-2,9,-7,1,70385
151,-2,11,-8,1,73790
151,-2,10,-8,1,78199
152,-4,9,-7,1,26763
152,-4,9,-6,1,27189
152,-3,10,-7,1,41873
152,-3,9,-7,1,43947
152,-3,10,-8,1,48184
152,-3,9,-7,2,56849
152,-2,10,-8,1,76478
152,-1,10,-8,1,128706
153,-4,10,-7,1,26160
153,-4,9,-7,1,27019
153,-3,9,-6,1,41484
153,-3,9,-7,1,44260
153,-3,9,-6,2,46330
153,-3,10,-8,1,49121
153,-3,9,-7,2,52753
153,-2,10,-8,1,75120
154,-4,9,-7,1,26874
154,-4,9,-6,1,26976
154,-3,9,-7,1,41398
154,-3,9,-6,1,41209
154,-3,11,-8,1,41213
154,-3,9,-7,2,49434
154,-3,10,-8,1,45896
154,-3,9,-8,2,50872
155,-4,9,-7,1,26196
155,-4,9,-7,2,30299
155,-3,9,-6,0,37952
155,-3,9,-7,1,44797
155,-3,9,-6,1,42377
155,-3,9,-8,1,48487
155,-3,9,-8,2,50043
155,-3,9,-7,2,52582
156,-4,9,-7,1,27913
156,-4,9,-8,1,30358
156,-4,9,-7,2,34796
156,-3,9,-6,0,41525
156,-3,9,-6,1,42513
156,-3,9,-7,1,43978
156,-3,9,-8,1,45887
156,-3,9,-7,2,51223
157,-4,9,-7,1,24625
157,-4,9,-8,0,26725
157,-4,9,-7,0,27223
157,-4,9,-8,1,29095
157,-4,9,-7,2,29921
157,-4,9,-8,2,32103
157,-3,9,-6,0,34347
157,-3,9,-6,2,49276
158,-4,9,-8,0,26533
158,-4,9,-8,1,29427
158,-4,9,-7,1,29914
158,-4,10,-7,2,32316
158,-4,9,-7,2,32624
158,-4,9,-8,2,33826
158,-3,9,-8,1,42603
158,-3,9,-8,2,52007
159,-4,9,-8,0,26886
159,-4,10,-8,0,27584
159,-4,9,-7,1,28086
159,-4,9,-7,0,29484
159,-4,9,-8,1,30183
159,-4,10,-8,2,32641
159,-4,9,-8,2,34270
159,-3,9,-8,2,48238
160,-4,9,-7,0,25749
160,-4,9,-8,0,26580
160,-4,10,-8,0,28574
160,-4,9,-8,1,30393
160,-4,9,-7,1,30570
160,-4,9,-7,2,31611
160,-4,9,-8,2,35166
160,-4,10,-8,2,35518
161,-4,9,-7,0,24760
161,-4,9,-8,0,26725
161,-4,9,-8,1,28320
161,-4,9,-8,2,35832
161,-3,9,-8,0,39559
161,-3,9,-7,0,37145
161,-3,9,-8,1,43923
161,-3,9,-8,2,49826
162,-4,9,-7,0,26349
162,-4,9,-8,0,27161
162,-4,10,-8,0,27282
162,-4,9,-8,1,30496
162,-4,9,-7,1,30543
162,-4,10,-8,2,33413
162,-4,9,-8,2,37241
162,-3,9,-8,0,38721
163,-4,9,-8,0,27319
163,-4,9,-7,0,27683
163,-4,10,-8,0,27620
163,-4,9,-8,1,30331
163,-4,10,-8,2,33542
163,-4,9,-7,2,34558
163,-4,9,-8,2,37816
163,-3,9,-8,2,51392
164,-4,9,-7,0,25721
164,-4,9,-8,0,26755
164,-4,9,-8,1,30686
164,-4,9,-7,2,32856
164,-4,9,-8,2,36199
164,-3,9,-8,0,40879
164,-3,9,-8,1,44112
164,-3,9,-7,2,52420
165,-4,9,-8,0,27346
165,-4,10,-8,0,27293
165,-3,9,-8,1,43060
165,-3,9,-7,1,43036
165,-3,9,-8,0,44909
165,-3,10,-8,0,43776
165,-3,9,-8,2,53784
165,-3,9,-7,2,57651
166,-4,9,-8,0,26862
166,-4,9,-7,0,27923
166,-4,9,-8,1,32140
166,-3,9,-8,0,37875
166,-3,9,-8,1,41867
166,-3,10,-8,1,43188
166,-3,9,-8,2,52568
166,-3,10,-8,2,56645
167,-4,9,-8,0,26507
167,-4,10,-8,0,26527
167,-4,9,-8,1,32085
167,-3,9,-8,0,40189
167,-3,10,-8,0,40869
167,-3,9,-8,1,46668
167,-3,9,-7,2,50228
167,-3,9,-8,2,50729
168,-4,9,-8,0,27976
168,-4,9,-7,0,30079
168,-4,9,-8,2,35059
168,-3,9,-8,0,40446
168,-3,9,-8,1,46472
168,-3,9,-7,1,47543
168,-3,9,-8,2,53198
168,-2,9,-8,2,89350
169,-3,9,-7,0,44547
169,-3,9,-8,1,49961
169,-3,9,-8,0,52172
169,-3,9,-8,2,63840
169,-2,9,-8,0,63907
169,-2,9,-8,1,78112
169,-2,9,-8,2,95019
169,-1,9,-8,2,170247
170,-3,9,-8,0,46522
170,-2,9,-8,0,70139
170,-2,10,-8,0,77373
170,-2,9,-8,1,88664
170,-2,9,-8,2,104761
170,-1,9,-8,1,140439
170,-1,9,-7,2,162385
170,-1,9,-8,2,165330
171,-3,9,-8,2,65597
171,-2,9,-8,0,74483
171,-2,10,-7,0,75489
171,-2,9,-7,0,76564
171,-2,10,-8,0,77461
171,-2,9,-8,2,100627
171,-1,9,-8,2,175327
171,-1,10,-8,2,181339
172,-3,10,-8,0,47515
172,-3,9,-8,2,62651
172,-2,9,-8,0,72063
172,-2,10,-8,0,73197
172,-2,9,-8,2,95698
172,-1,9,-8,0,98765
172,-1,9,-8,1,135040
172,-1,9,-8,2,174766
173,-2,9,-7,0,67288
173,-2,10,-7,0,67331
173,-2,9,-8,0,71449
173,-2,10,-8,0,77137
173,-2,9,-8,1,81190
173,-1,9,-8,0,99511
173,-1,10,-8,0,110764
173,-1,9,-8,1,125478
174,-3,9,-8,0,48299
174,-2,10,-7,0,66135
174,-2,9,-8,0,69551
174,-2,10,-8,0,71635
174,-2,10,-8,1,79380
174,-1,9,-8,0,98415
174,-1,10,-7,0,99792
174,-1,10,-8,0,105558
175,-2,9,-7,0,68851
175,-2,9,-8,0,70096
175,-2,10,-8,0,76376
175,-2,10,-7,1,78535
175,-2,10,-8,1,80132
175,-1,9,-8,0,99291
175,-1,10,-8,0,108944
175,-1,10,-8,1,136322
176,-2,9,-8,0,72798
176,-2,10,-8,0,75713
176,-2,11,-8,0,79922
176,-2,9,-8,2,97810
176,-1,9,-8,0,105344
176,-1,11,-8,0,116801
176,-1,10,-8,0,116930
176,-1,9,-8,1,123734
177,-2,10,-7,0,66097
177,-2,9,-8,0,69533
177,-2,10,-8,0,71648
177,-2,11,-8,0,73680
177,-1,9,-8,0,96450
177,-1,9,-7,0,99584
177,-1,10,-7,0,104278
177,-1,10,-8,0,109656
178,-2,9,-7,0,70007
178,-2,9,-8,0,71401
178,-2,10,-8,0,74075
178,-1,9,-8,0,102641
178,-2,10,-8,2,107826
178,-1,10,-8,0,109743
178,-1,11,-8,0,115898
178,-1,9,-8,2,158610
179,-3,10,-8,0,43300
179,-2,9,-8,0,66849
179,-2,10,-8,0,69653
179,-2,9,-8,1,75560
179,-1,9,-8,0,96691
179,-1,10,-8,0,103337
179,-1,11,-8,0,112343
179,-1,9,-8,2,151349
180,-2,9,-8,0,68341
180,-2,10,-8,0,72380
180,-2,10,-8,1,85417
180,-1,9,-8,0,95132
180,-1,10,-7,0,102473
180,-1,10,-8,0,116379
180,-1,11,-8,0,119581
180,-1,9,-8,2,157507
181,-3,9,-8,0,41146
181,-2,9,-8,0,59239
181,-2,10,-8,0,68667
181,-2,9,-8,2,91063
181,-1,9,-8,0,90844
181,-2,10,-8,2,99229
181,-1,10,-8,0,109610
181,-1,11,-8,0,112117
182,-3,10,-8,2,62579
182,-2,10,-8,0,68808
182,-2,10,-8,1,89057
182,-2,10,-8,2,106839
182,-1,11,-8,0,109266
182,-1,10,-8,0,111269
182,-1,12,-8,0,125823
182,-1,10,-8,1,132974
183,-2,9,-8,0,66083
183,-2,10,-8,0,68596
183,-2,10,-8,1,81852
183,-2,10,-8,2,98862
183,-2,10,-7,2,101908
183,-1,10,-8,0,108933
183,-1,11,-8,0,113264
183,-1,11,-8,1,143212
184,-1,10,-8,0,67126
184,-2,10,-8,0,68041
184,-1,11,-8,0,70501
184,-2,10,-8,1,84121
184,-2,11,-8,1,86204
184,-1,11,-8,2,93388
184,-1,10,-8,2,98379
184,-2,10,-8,2,104520
185,-2,11,-8,0,71077
185,-2,10,-8,0,71252
185,-2,10,-8,1,77480
185,-2,9,-8,1,79099
185,-2,10,-8,2,95469
185,-1,10,-8,0,101872
185,-1,11,-8,0,108750
185,-1,10,-8,1,129532
186,-3,11,-8,0,37943
186,-2,10,-8,0,53500
186,-2,11,-8,0,67306
186,-2,10,-8,1,76931
186,-1,10,-8,0,92720
186,-1,12,-8,0,102977
186,-1,11,-8,0,103407
186,-1,10,-8,1,121459
187,-2,10,-8,0,62966
187,-2,11,-8,0,71127
187,-2,10,-8,1,77153
187,-2,9,-8,1,78148
187,-2,11,-8,1,81358
187,-1,10,-8,0,96132
187,-1,11,-7,0,99763
187,-1,11,-8,0,107379
188,-2,10,-8,1,71285
188,-2,9,-8,1,72106
188,-2,10,-7,1,73604
188,-2,11,-8,1,74943
188,-1,10,-8,0,95185
188,-1,9,-8,1,110367
188,-1,11,-8,1,125747
188,-1,10,-8,2,150029
189,-3,11,-8,1,42144
189,-2,9,-8,1,71136
189,-2,10,-8,1,73765
189,-2,11,-8,1,76616
189,-1,9,-8,0,88066
189,-1,10,-8,0,92345
189,-1,10,-7,0,94142
189,-1,9,-8,1,108070
190,-3,11,-8,0,37263
190,-3,10,-8,1,42446
190,-3,11,-8,1,43053
190,-2,9,-7,1,60131
190,-2,9,-8,1,66914
190,-1,9,-8,0,73058
190,-1,9,-8,1,94149
190,-1,9,-7,1,102922
191,-4,11,-8,0,21895
191,-3,11,-8,0,34241
191,-3,11,-7,0,34438
191,-3,9,-8,1,41904
191,-2,9,-8,1,56534
191,-1,9,-8,0,68954
191,-1,9,-8,1,86178
191,-1,9,-8,2,117299
192,-4,11,-8,0,21573
192,-4,12,-8,0,27095
192,-3,11,-8,0,32537
192,-3,9,-8,2,40004
192,-3,9,-8,1,40741
192,-2,9,-8,1,55970
192,-1,9,-7,1,84122
192,-1,9,-8,1,85969
193,-4,11,-7,0,19574
193,-4,11,-8,0,21158
193,-4,12,-8,0,21054
193,-3,10,-8,1,36554
193,-3,9,-8,1,38973
193,-2,9,-8,1,51762
193,-1,9,-8,1,82334
193,-1,9,-8,2,111461
194,-4,11,-7,0,21130
194,-4,11,-8,0,21435
194,-4,11,-7,1,22326
194,-4,9,-8,1,25502
194,-3,11,-8,0,30586
194,-3,9,-8,1,33535
194,-2,9,-8,1,48835
194,-2,9,-8,2,63990
195,-4,11,-6,0,17627
195,-4,11,-7,0,18569
195,-4,9,-7,1,20876
195,-4,10,-7,1,21248
195,-4,11,-7,1,21029
195,-4,11,-8,0,22061
195,-4,9,-8,2,24890
195,-4,9,-8,1,25420
196,-4,9,-7,0,18142
196,-4,10,-8,0,19025
196,-4,9,-7,1,21792
196,-4,9,-8,1,23071
196,-4,11,-8,0,23007
196,-4,9,-8,2,24761
196,-4,11,-8,2,25208
196,-3,9,-8,2,36111
197,-4,10,-8,0,20135
197,-4,10,-8,1,22527
197,-4,9,-7,1,23669
197,-4,9,-8,1,25095
197,-4,10,-8,2,25168
197,-4,9,-8,2,25786
197,-3,9,-7,1,31695
197,-3,9,-8,1,32430
198,-4,9,-8,0,19496
198,-4,10,-8,0,19265
198,-4,9,-7,1,21145
198,-4,9,-8,1,23658
198,-4,9,-8,2,23687
198,-4,10,-8,2,25155
198,-4,9,-7,2,22652
198,-3,10,-8,0,27055
199,-4,9,-7,0,18647
199,-4,10,-8,0,19399
199,-4,9,-8,0,20529
199,-4,9,-7,1,20817
199,-4,10,-7,1,20726
199,-4,9,-8,1,22665
199,-4,9,-8,2,25902
199,-3,9,-8,2,37574
200,-4,9,-8,0,19397
200,-4,9,-7,0,19959
200,-4,9,-7,1,20828
200,-4,9,-8,1,23144
200,-4,9,-8,2,25583
200,-3,9,-7,0,27439
200,-3,9,-8,1,32256
200,-3,9,-8,2,38581
201,-4,9,-8,0,21838
201,-4,9,-7,1,22215
201,-4,10,-8,1,24386
201,-4,9,-8,1,25917
201,-4,10,-8,2,25520
201,-4,9,-7,2,26051
201,-4,9,-8,2,26817
201,-3,9,-8,0,30685
202,-4,9,-7,0,15709
202,-4,9,-8,0,17463
202,-4,9,-8,1,19002
202,-4,9,-8,2,22546
202,-4,9,-7,1,19989
202,-4,9,-7,2,20725
202,-4,9,-6,1,21994
202,-3,9,-8,1,31192
203,-4,9,-6,0,19037
203,-4,9,-8,0,20457
203,-4,9,-7,0,20408
203,-4,9,-8,1,24519
203,-4,9,-8,2,27743
203,-4,10,-8,1,28392
203,-3,9,-8,1,34859
203,-3,9,-8,2,39922
204,-4,9,-6,0,18087
204,-4,9,-8,0,21195
204,-4,9,-7,0,21412
204,-4,9,-8,1,25358
204,-4,9,-7,2,26106
204,-4,9,-8,2,26381
204,-3,9,-8,1,35200
204,-3,9,-8,2,46879
205,-4,9,-8,0,23690
205,-4,9,-8,1,24780
205,-4,9,-6,2,25161
205,-4,9,-7,2,26816
205,-4,9,-7,1,28670
205,-4,10,-8,2,28324
205,-4,9,-8,2,29702
205,-3,9,-8,2,44671
206,-4,9,-7,0,20496
206,-4,9,-8,0,21895
206,-4,9,-7,1,23523
206,-4,9,-6,2,24509
206,-4,9,-8,1,25470
206,-4,9,-7,2,26205
206,-4,9,-8,2,28346
206,-3,9,-8,2,45771
207,-4,9,-6,1,21253
207,-4,9,-8,0,21969
207,-4,9,-7,1,23074
207,-4,10,-8,1,23914
207,-4,9,-8,1,25957
207,-4,9,-7,2,26497
207,-4,9,-8,2,27083
207,-4,10,-7,1,27865
208,-4,9,-7,0,21954
208,-4,9,-7,1,23867
208,-4,9,-8,0,24390
208,-4,10,-8,1,24813
208,-4,9,-7,2,27342
208,-4,9,-8,1,28809
208,-4,9,-8,2,29697
208,-3,9,-8,0,30131
209,-4,9,-8,0,22447
209,-4,9,-7,2,29001
209,-4,9,-7,1,30069
209,-4,9,-8,1,30569
209,-4,9,-8,2,33741
209,-3,9,-8,1,38590
209,-3,9,-7,1,39243
209,-3,9,-7,2,47911
210,-4,9,-8,0,22022
210,-4,9,-8,1,26523
210,-4,10,-8,0,26157
210,-4,9,-7,2,27206
210,-4,9,-7,1,28345
210,-4,9,-8,2,30346
210,-4,10,-8,2,30052
210,-3,9,-8,1,40494
211,-4,9,-8,0,22230
211,-4,10,-8,0,24292
211,-4,9,-8,1,25766
211,-4,10,-8,1,25343
211,-4,9,-6,1,26478
211,-4,9,-7,1,27172
211,-4,10,-8,2,29129
211,-4,9,-8,2,31040
212,-4,9,-7,0,21051
212,-4,9,-8,0,22816
212,-4,9,-7,1,23905
212,-4,9,-8,1,25572
212,-4,10,-8,1,26127
212,-4,9,-8,2,28812
212,-3,9,-8,0,36182
212,-3,9,-8,2,45665
213,-4,9,-8,0,22384
213,-4,9,-8,1,25956
213,-4,10,-8,1,26108
213,-4,9,-7,2,27777
213,-4,9,-7,1,29112
213,-4,9,-8,2,30211
213,-3,9,-7,1,37255
213,-3,9,-8,2,46323
214,-4,9,-7,0,20351
214,-4,9,-8,0,24614
214,-4,9,-7,1,24858
214,-4,9,-8,1,26194
214,-4,9,-7,2,26042
214,-4,9,-8,2,29204
214,-4,10,-8,2,29748
214,-3,9,-8,2,48238
215,-4,9,-6,0,19537
215,-4,9,-7,0,21142
215,-4,9,-8,0,24402
215,-4,9,-8,1,27124
215,-4,9,-7,2,27183
215,-4,9,-8,2,28721
215,-3,9,-8,0,33047
215,-3,9,-8,1,37934
216,-4,9,-6,0,19225
216,-4,10,-8,0,21373
216,-4,9,-8,0,22208
216,-4,9,-7,1,22892
216,-4,9,-7,0,23955
216,-4,9,-8,2,27066
216,-4,9,-8,1,27165
216,-3,9,-8,0,30751
217,-4,9,-7,0,20407
217,-4,10,-8,0,21487
217,-4,9,-8,0,22067
217,-4,9,-7,1,23695
217,-4,9,-8,1,24674
217,-4,9,-8,2,29435
217,-3,9,-8,0,29665
217,-3,9,-8,1,38733
218,-4,9,-7,0,20255
218,-4,9,-8,0,21496
218,-4,9,-8,1,24860
218,-4,10,-8,1,26487
218,-4,9,-8,2,27816
218,-3,9,-7,0,29349
218,-3,9,-8,1,35782
218,-3,9,-8,2,42512
219,-4,9,-6,0,20848
219,-4,9,-7,0,21220
219,-4,9,-8,0,21299
219,-4,10,-8,0,21670
219,-4,9,-8,1,23772
219,-4,9,-8,2,28159
219,-3,9,-7,0,28988
219,-3,9,-8,1,34253
220,-4,9,-8,0,20666
220,-4,10,-8,0,20863
220,-4,9,-7,0,24080
220,-4,9,-8,1,25805
220,-4,9,-8,2,27110
220,-3,9,-7,0,30949
220,-3,9,-8,0,31734
220,-3,9,-8,1,37192
221,-4,10,-7,0,19311
221,-4,9,-8,0,21472
221,-4,9,-7,0,21473
221,-4,10,-8,1,24308
221,-4,9,-8,1,24964
221,-4,9,-8,2,28077
221,-3,9,-8,1,37252
221,-3,9,-8,2,41607
222,-4,9,-7,0,15974
222,-4,9,-8,0,16628
222,-4,9,-8,1,19106
222,-4,9,-8,2,25428
222,-4,9,-7,1,20953
222,-4,9,-7,2,22716
222,-3,9,-8,0,27531
222,-3,9,-8,1,33710
223,-4,9,-8,0,13359
223,-4,9,-7,1,15261
223,-4,9,-7,0,16320
223,-4,9,-8,2,19909
223,-4,9,-6,0,14424
223,-4,10,-7,0,15002
223,-4,9,-8,1,26445
223,-3,9,-8,0,23474
224,-4,9,-6,0,18301
224,-4,9,-7,0,19474
224,-4,9,-8,0,20786
224,-4,10,-8,0,19389
224,-4,9,-7,1,21916
224,-4,9,-8,1,24658
224,-4,9,-8,2,25045
224,-4,9,-7,2,28086
225,-4,10,-7,0,18201
225,-4,9,-7,0,19945
225,-4,9,-8,0,21111
225,-4,9,-7,1,21110
225,-4,9,-8,1,24050
225,-3,9,-8,0,30864
225,-3,9,-8,1,35320
225,-3,9,-7,1,37169
226,-4,9,-8,0,20175
226,-4,10,-8,0,20102
226,-4,9,-7,1,20974
226,-4,9,-7,0,21157
226,-4,9,-6,1,21679
226,-4,9,-8,1,22651
226,-4,9,-8,2,25110
226,-3,9,-8,1,33669
227,-4,9,-6,0,17208
227,-4,9,-7,0,19312
227,-4,9,-8,0,20470
227,-4,10,-8,0,19949
227,-4,9,-7,1,21518
227,-4,9,-8,1,22757
227,-3,9,-8,1,33342
227,-3,9,-7,1,32549
228,-4,9,-7,0,16573
228,-4,9,-8,0,19041
228,-4,10,-7,0,18279
228,-4,9,-7,1,21537
228,-4,9,-7,2,22811
228,-4,9,-8,2,25748
228,-4,9,-8,1,27220
228,-3,9,-7,1,31646
229,-4,9,-8,0,17739
229,-4,9,-7,0,17917
229,-4,9,-7,1,19440
229,-4,9,-6,1,19210
229,-4,10,-7,0,17924
229,-4,9,-8,1,22302
229,-4,9,-8,2,25373
229,-3,9,-8,1,28800
230,-4,9,-7,0,18634
230,-4,9,-8,0,20294
230,-4,9,-7,1,21017
230,-4,9,-8,1,24986
230,-4,9,-8,2,26150
230,-3,9,-7,0,27419
230,-3,9,-8,0,31874
230,-3,9,-8,1,33294
231,-4,9,-8,0,20121
231,-4,10,-7,0,20121
231,-4,9,-7,1,21795
231,-4,9,-8,1,23509
231,-4,9,-7,0,24028
231,-4,9,-7,2,24540
231,-4,9,-8,2,26191
231,-3,9,-7,1,31476
232,-4,9,-8,0,19781
232,-4,9,-7,0,20514
232,-4,10,-7,1,21213
232,-4,9,-8,1,23396
232,-4,9,-7,1,24528
232,-3,10,-7,1,31757
232,-3,9,-8,1,32514
232,-3,10,-8,1,32851
233,-4,9,-7,0,15778
233,-4,9,-8,0,17390
233,-4,9,-7,1,19918
233,-4,9,-8,1,22172
233,-4,9,-7,2,21671
233,-3,9,-8,0,24436
233,-3,9,-8,1,30672
233,-3,9,-7,1,26171
234,-4,9,-7,0,18528
234,-4,10,-7,0,18260
234,-4,9,-8,0,19835
234,-4,9,-7,1,21323
234,-4,9,-8,1,22638
234,-4,9,-7,2,23447
234,-4,10,-8,0,23524
234,-4,9,-8,2,25205
235,-4,9,-7,0,18106
235,-4,9,-8,0,20027
235,-4,10,-8,0,20833
235,-4,10,-8,1,22146
235,-4,9,-8,1,23729
235,-4,9,-8,2,26321
235,-3,9,-7,0,27110
235,-3,9,-8,2,45446
236,-4,9,-7,0,18502
236,-4,9,-8,0,19235
236,-4,9,-7,1,21263
236,-4,10,-8,0,21224
236,-4,9,-8,1,22495
236,-4,9,-7,2,23605
236,-4,9,-8,2,24729
236,-3,9,-8,1,36013
237,-4,9,-8,0,22192
237,-4,9,-7,0,22077
237,-4,9,-8,1,23295
237,-4,10,-8,1,22786
237,-4,9,-7,2,23617
237,-4,9,-8,2,27067
237,-3,9,-8,0,31357
237,-3,9,-8,2,40076
238,-4,9,-6,0,17117
238,-4,9,-7,0,19572
238,-4,9,-8,0,19971
238,-4,10,-8,0,19694
238,-4,9,-8,1,22183
238,-4,10,-8,2,24638
238,-4,9,-8,2,25381
238,-3,9,-8,1,34568
239,-4,9,-8,0,18861
239,-4,9,-7,0,18899
239,-4,10,-8,0,19292
239,-4,9,-8,1,24608
239,-4,9,-8,2,25239
239,-4,10,-8,2,26064
239,-3,9,-8,1,30962
239,-3,9,-8,2,43028
240,-4,9,-8,0,18767
240,-4,9,-7,0,20873
240,-4,9,-8,1,21957
240,-4,10,-8,1,21903
240,-4,9,-8,2,25278
240,-3,9,-8,0,26750
240,-3,9,-7,0,24095
240,-3,9,-8,2,38910
241,-4,10,-7,0,17353
241,-4,9,-7,1,21311
241,-4,9,-8,0,22223
241,-4,9,-8,1,22548
241,-4,9,-7,0,22749
241,-4,10,-8,2,25710
241,-4,9,-8,2,26754
241,-3,9,-7,0,26717
242,-4,10,-7,0,17167
242,-4,9,-8,0,18444
242,-4,9,-7,0,18712
242,-4,9,-7,1,20780
242,-4,10,-8,1,22134
242,-4,9,-8,1,24410
242,-4,9,-7,2,23969
242,-4,9,-8,2,24512
243,-4,9,-7,0,17472
243,-4,9,-8,0,18822
243,-4,9,-7,1,20159
243,-4,10,-7,0,20116
243,-4,9,-8,1,22404
243,-4,10,-8,1,22034
243,-4,10,-7,1,23760
243,-4,9,-8,2,25124
244,-4,9,-6,0,15611
244,-4,10,-8,0,18202
244,-4,9,-7,0,18496
244,-4,9,-8,0,19288
244,-4,10,-7,1,19718
244,-4,9,-7,1,20050
244,-4,9,-8,1,21216
244,-3,9,-7,0,24977
245,-4,9,-6,0,15192
245,-4,9,-8,0,18539
245,-4,9,-7,0,18646
245,-4,9,-6,1,18545
245,-4,9,-8,1,21307
245,-4,9,-7,1,21551
245,-4,10,-8,0,21428
245,-4,10,-8,1,20443
246,-4,9,-6,0,16447
246,-4,9,-7,0,17595
246,-4,9,-7,1,19442
246,-4,9,-8,1,21312
246,-4,10,-8,1,21146
246,-4,9,-8,0,21674
246,-3,9,-8,0,26756
246,-3,9,-7,1,30759
247,-4,9,-6,0,15469
247,-4,9,-7,0,16898
247,-4,9,-8,0,19687
247,-4,9,-6,1,19083
247,-4,9,-7,1,20228
247,-4,9,-8,1,22481
247,-4,9,-8,2,24175
247,-4,9,-7,2,24989
248,-4,9,-7,0,19549
248,-4,9,-7,1,22118
248,-4,9,-8,0,23372
248,-4,9,-8,1,24576
248,-4,9,-7,2,24804
248,-3,9,-8,0,29014
248,-3,9,-8,1,32312
248,-3,9,-7,1,33605
249,-4,9,-7,0,17009
249,-4,9,-8,0,18378
249,-4,9,-7,1,19825
249,-4,9,-8,1,22024
249,-4,9,-8,2,25367
249,-3,9,-7,0,26652
249,-3,9,-8,1,31578
249,-3,9,-7,1,31859
250,-4,9,-7,0,12866
250,-4,9,-8,0,17475
250,-4,9,-7,1,18023
250,-4,9,-8,1,22124
250,-4,10,-7,0,14425
250,-4,9,-8,2,23041
250,-4,9,-7,2,20915
250,-3,9,-8,0,21574
251,-4,9,-7,0,16977
251,-4,9,-8,0,19030
251,-4,9,-8,1,21414
251,-4,10,-8,2,25257
251,-4,9,-8,2,25675
251,-3,9,-7,0,28602
251,-3,9,-8,1,34100
251,-3,9,-8,2,40177
252,-4,9,-8,0,18671
252,-4,9,-7,0,18631
252,-4,10,-8,0,18477
252,-4,9,-7,1,20963
252,-4,9,-8,1,23007
252,-4,10,-8,2,24613
252,-4,9,-8,2,25594
252,-3,9,-8,1,32076
253,-4,9,-7,0,17961
253,-4,9,-8,0,18792
253,-4,9,-6,0,19315
253,-4,9,-7,1,21099
253,-4,9,-8,1,21786
253,-4,9,-8,2,25654
253,-3,9,-8,0,27067
253,-3,9,-8,1,35677
254,-4,9,-8,0,18988
254,-4,9,-7,0,19801
254,-4,9,-8,1,21671
254,-4,9,-8,2,26114
254,-4,9,-7,2,26092
254,-4,10,-8,1,27495
254,-3,9,-8,1,32151
254,-3,9,-8,2,45933
255,-4,9,-7,0,17359
255,-4,10,-7,0,17577
255,-4,9,-8,0,18753
255,-4,9,-8,1,21164
255,-4,9,-7,2,22921
255,-4,10,-8,2,24634
255,-4,9,-8,2,25688
255,-3,9,-8,2,33577
256,-4,9,-8,0,19234
256,-4,9,-7,1,22311
256,-4,9,-7,0,23343
256,-4,9,-8,1,23810
256,-4,10,-8,2,25855
256,-3,9,-7,0,27916
256,-4,9,-8,2,28720
256,-3,9,-8,2,40420
257,-4,9,-6,0,16403
257,-4,9,-7,0,18351
257,-4,9,-8,0,19426
257,-4,9,-7,1,20744
257,-4,9,-8,1,21459
257,-4,10,-7,1,21114
257,-4,9,-8,2,25153
257,-3,9,-8,1,30424
258,-4,9,-7,0,17826
258,-4,9,-8,0,20174
258,-4,9,-6,1,19758
258,-4,9,-7,1,20914
258,-4,9,-8,1,22836
258,-4,9,-8,2,25452
258,-4,10,-8,1,25141
258,-3,9,-8,1,32597
259,-4,9,-8,0,21588
259,-4,10,-7,1,22700
259,-4,9,-8,1,23554
259,-4,9,-7,1,23586
259,-4,10,-8,2,27082
259,-4,9,-8,2,28520
259,-3,9,-8,1,34078
259,-3,9,-7,1,31334
260,-4,9,-8,0,19556
260,-4,10,-8,0,20194
260,-4,9,-7,1,21304
260,-4,9,-8,1,23231
260,-4,10,-8,1,23472
260,-4,9,-8,2,28837
260,-3,9,-8,0,31273
260,-3,9,-8,2,40873
261,-4,9,-8,0,19549
261,-4,9,-6,1,20179
261,-4,9,-7,0,20638
261,-4,9,-7,1,21613
261,-4,9,-8,1,23337
261,-4,9,-7,2,24422
261,-4,9,-8,2,26396
261,-3,9,-8,1,36939
262,-4,9,-6,0,16229
262,-4,9,-7,0,17611
262,-4,9,-8,0,18922
262,-4,9,-8,1,21060
262,-4,9,-7,1,21406
262,-4,10,-8,0,19941
262,-4,9,-8,2,24453
262,-4,10,-8,2,23720
263,-4,9,-8,0,20230
263,-4,9,-7,0,20606
263,-4,9,-7,1,22184
263,-4,9,-8,1,23898
263,-4,9,-7,2,23935
263,-4,10,-8,0,25808
263,-4,9,-8,2,26344
263,-3,9,-8,0,30056
264,-4,9,-7,0,19298
264,-4,9,-8,0,20704
264,-4,10,-8,0,21886
264,-4,9,-8,1,23625
264,-4,9,-8,2,26529
264,-4,10,-8,2,26271
264,-3,9,-8,0,30530
264,-3,9,-8,1,37872
265,-4,9,-7,0,19480
265,-4,9,-8,0,21090
265,-4,9,-8,1,24988
265,-4,10,-8,1,27098
265,-4,9,-8,2,28813
265,-4,9,-7,2,28588
265,-3,9,-8,1,36005
265,-3,9,-8,2,44596
266,-4,10,-7,0,19455
266,-4,9,-7,0,20380
266,-4,9,-8,0,22073
266,-4,9,-8,1,23238
266,-4,10,-8,0,22995
266,-4,9,-8,2,26683
266,-4,9,-7,2,28621
266,-3,9,-8,0,32140
267,-4,9,-6,0,17585
267,-4,9,-7,0,20751
267,-4,9,-8,0,21205
267,-4,9,-8,1,23669
267,-4,9,-7,2,25590
267,-4,9,-7,1,25816
267,-4,9,-8,2,27159
267,-3,9,-7,2,39571
268,-4,9,-6,0,18926
268,-4,9,-8,0,21205
268,-4,9,-7,0,21039
268,-4,9,-8,1,23550
268,-4,9,-8,2,27337
268,-3,9,-7,0,29635
268,-4,10,-8,2,30435
268,-3,9,-8,2,42720
269,-4,10,-8,0,20876
269,-4,9,-7,0,21447
269,-4,9,-8,0,22692
269,-4,10,-8,1,24976
269,-4,9,-8,1,26426
269,-4,10,-8,2,26585
269,-3,9,-7,0,28360
269,-4,9,-8,2,30991
270,-4,9,-7,0,19562
270,-4,10,-8,0,21126
270,-4,9,-8,0,21822
270,-4,9,-8,1,23226
270,-4,9,-7,1,23139
270,-4,9,-8,2,27020
270,-4,10,-8,2,29160
270,-3,9,-8,1,36960
271,-4,9,-7,0,18479
271,-4,9,-8,0,23087
271,-4,9,-7,1,22071
271,-4,9,-8,1,25551
271,-4,10,-8,1,23814
271,-4,9,-7,2,26240
271,-4,9,-8,2,28321
271,-4,10,-8,2,30170
272,-4,9,-7,0,14684
272,-4,9,-8,0,16304
272,-4,9,-7,1,21617
272,-4,9,-8,2,25064
272,-4,10,-8,0,18369
272,-4,9,-8,1,27489
272,-4,9,-7,2,23415
272,-3,9,-7,0,25827
273,-4,9,-7,0,20309
273,-4,9,-8,0,22035
273,-4,9,-8,1,24555
273,-4,9,-7,1,24462
273,-4,9,-7,2,29055
273,-4,9,-8,2,29745
273,-3,9,-7,0,32174
273,-3,9,-8,2,48981
274,-4,9,-8,0,22831
274,-4,9,-7,0,23674
274,-4,9,-7,1,24744
274,-4,9,-8,1,26193
274,-4,10,-7,1,25678
274,-4,10,-8,1,26630
274,-4,9,-7,2,30256
274,-3,9,-8,0,33690
275,-4,9,-8,0,22047
275,-4,9,-7,0,24883
275,-4,9,-6,0,25390
275,-4,9,-7,1,26656
275,-4,9,-8,1,27110
275,-4,10,-7,2,27514
275,-4,9,-8,2,28977
275,-4,9,-7,2,28883
276,-4,9,-6,0,19541
276,-4,9,-8,0,23355
276,-4,9,-8,1,27264
276,-4,9,-7,0,27667
276,-4,9,-8,2,30592
276,-4,10,-8,2,31163
276,-3,9,-8,1,38918
276,-3,9,-8,2,50286
277,-4,9,-8,0,22480
277,-4,9,-7,0,24453
277,-4,9,-8,1,26235
277,-4,9,-7,1,27002
277,-4,9,-8,2,31131
277,-4,10,-8,2,30824
277,-3,9,-8,0,31661
277,-3,9,-8,1,44424
278,-4,9,-7,0,21021
278,-4,9,-8,0,23074
278,-4,10,-8,0,23321
278,-4,9,-8,1,26584
278,-4,9,-7,2,27347
278,-4,9,-7,1,28513
278,-4,9,-8,2,29780
278,-3,9,-8,2,54392
279,-4,9,-7,0,21400
279,-4,9,-8,0,23441
279,-4,10,-8,0,23197
279,-4,9,-7,1,25608
279,-4,9,-8,1,26858
279,-4,9,-7,2,28362
279,-4,9,-8,2,29656
279,-3,9,-7,0,34011
280,-4,9,-7,0,22709
280,-4,9,-7,1,25999
280,-4,9,-8,0,29727
280,-4,9,-8,1,30901
280,-4,9,-8,2,35004
280,-3,9,-8,0,36158
280,-3,9,-8,1,43338
280,-3,9,-8,2,49320
281,-4,9,-7,0,22034
281,-4,9,-8,0,23934
281,-4,9,-7,1,25263
281,-4,9,-8,1,28571
281,-4,9,-8,2,34223
281,-3,9,-8,0,36611
281,-3,9,-8,1,40582
281,-3,9,-8,2,51952
282,-4,9,-7,0,21834
282,-4,9,-8,0,24022
282,-4,10,-8,0,23984
282,-4,9,-8,1,29843
282,-4,9,-8,2,29945
282,-4,9,-7,2,30411
282,-4,10,-8,1,31189
282,-3,9,-7,0,33471
283,-4,10,-7,0,22060
283,-4,9,-7,0,22882
283,-4,10,-8,0,24683
283,-4,9,-8,0,25827
283,-4,9,-8,1,28629
283,-4,9,-8,2,32019
283,-3,9,-7,0,38507
283,-3,9,-8,1,43292
284,-4,9,-8,0,23319
284,-4,9,-7,0,23393
284,-4,10,-8,0,24345
284,-4,9,-8,1,28424
284,-4,10,-8,1,27144
284,-4,9,-7,2,28321
284,-4,10,-7,0,23685
284,-4,9,-8,2,32328
285,-4,9,-7,0,22859
285,-4,9,-8,0,24286
285,-4,9,-7,1,26284
285,-4,9,-8,1,28813
285,-4,10,-8,1,29705
285,-4,9,-8,2,33607
285,-4,10,-8,2,35662
285,-3,9,-8,0,37838
286,-4,9,-8,0,25803
286,-4,10,-8,0,26779
286,-4,9,-7,1,27927
286,-4,9,-7,0,28945
286,-4,9,-8,1,29708
286,-4,10,-8,1,31633
286,-4,9,-7,2,33181
286,-4,9,-8,2,35034
287,-4,9,-6,0,23655
287,-4,9,-8,0,26247
287,-4,9,-8,1,26469
287,-4,9,-7,0,26822
287,-4,9,-7,1,30571
287,-4,9,-8,2,33667
287,-4,10,-8,1,27431
287,-4,10,-8,2,31022
288,-4,9,-7,0,24453
288,-4,9,-6,0,24095
288,-4,9,-8,0,25678
288,-4,10,-8,0,25919
288,-4,9,-7,1,28636
288,-4,9,-7,2,32320
288,-4,9,-8,1,33404
288,-4,9,-8,2,36284
289,-4,9,-7,0,24620
289,-4,9,-8,0,26724
289,-4,9,-7,1,27818
289,-4,9,-8,1,30222
289,-4,10,-7,1,30353
289,-4,9,-7,2,33903
289,-4,9,-8,2,37470
289,-3,9,-8,1,47804
290,-4,9,-6,0,27505
290,-4,9,-7,0,28463
290,-4,9,-8,1,32802
290,-4,9,-8,0,33305
290,-4,10,-8,2,37716
290,-4,9,-8,2,38700
290,-3,9,-7,0,42128
290,-3,9,-8,0,44128
291,-4,9,-8,0,29025
291,-4,9,-7,0,29781
291,-4,9,-7,1,32247
291,-4,9,-8,1,33718
291,-4,9,-7,2,35373
291,-4,10,-8,2,38294
291,-4,9,-8,2,42953
291,-3,9,-8,0,45034
292,-4,9,-7,0,29731
292,-4,9,-8,0,30579
292,-4,9,-8,1,35435
292,-4,9,-7,1,35302
292,-4,9,-8,2,40899
292,-3,9,-8,0,48216
292,-3,9,-8,1,56031
292,-3,9,-8,2,72425
293,-4,9,-7,0,27560
293,-4,9,-8,0,28910
293,-4,10,-8,0,30279
293,-4,9,-8,1,35729
293,-4,9,-8,2,36775
293,-4,10,-8,2,40279
293,-3,9,-7,0,43945
293,-3,9,-8,0,48015
294,-4,9,-8,0,34797
294,-4,9,-7,0,38309
294,-4,10,-8,1,38389
294,-4,9,-8,1,39221
294,-4,9,-7,1,41927
294,-4,9,-7,2,43225
294,-4,9,-8,2,43521
294,-3,9,-8,2,87323
295,-4,10,-7,0,31060
295,-4,9,-7,0,32471
295,-4,9,-8,0,33849
295,-4,9,-8,1,37379
295,-4,9,-7,1,36814
295,-4,9,-8,2,42712
295,-4,9,-7,2,42773
295,-3,9,-7,1,70546
296,-4,9,-6,0,30211
296,-4,9,-8,0,32867
296,-4,9,-7,0,38507
296,-4,9,-8,1,39347
296,-4,9,-7,1,39135
296,-4,9,-8,2,43648
296,-4,9,-7,2,45774
296,-3,9,-8,0,50464
297,-4,10,-7,0,31335
297,-4,9,-7,0,32089
297,-4,9,-8,0,34108
297,-4,10,-8,0,33720
297,-4,9,-8,1,37583
297,-4,10,-8,1,37446
297,-4,9,-8,2,41504
297,-3,9,-8,0,57987
298,-4,9,-7,0,31084
298,-4,9,-8,0,37019
298,-4,9,-8,1,38376
298,-4,9,-7,1,38553
298,-4,10,-8,1,42305
298,-4,9,-7,2,44420
298,-4,9,-8,2,45287
298,-3,9,-8,2,88604
299,-4,9,-7,0,31539
299,-4,9,-8,0,33873
299,-4,10,-7,0,33976
299,-4,9,-7,1,36596
299,-4,9,-8,1,37553
299,-4,10,-8,1,38207
299,-4,9,-8,2,43014
299,-4,9,-7,2,43277
300,-4,9,-6,0,29269
300,-4,9,-8,0,35199
300,-4,9,-7,0,35737
300,-4,10,-8,0,35491
300,-4,9,-8,1,36379
300,-4,9,-7,2,42880
300,-4,9,-8,2,44209
300,-3,9,-8,1,68385
301,-4,9,-6,0,29290
301,-4,9,-7,0,32295
301,-4,9,-8,0,33849
301,-4,9,-6,1,35606
301,-4,9,-8,2,42638
301,-4,10,-8,2,43284
301,-4,9,-7,2,45790
301,-3,9,-7,0,52175
302,-4,9,-6,0,29625
302,-4,9,-8,0,34505
302,-4,10,-8,0,36573
302,-4,9,-7,0,37785
302,-4,9,-8,1,39128
302,-4,9,-8,2,44633
302,-3,9,-6,0,49063
302,-3,9,-7,0,49397
303,-4,9,-6,0,29694
303,-4,9,-7,0,36450
303,-4,9,-6,1,37088
303,-4,9,-8,0,37965
303,-4,9,-8,1,40488
303,-4,9,-7,1,43107
303,-4,9,-8,2,45267
303,-3,9,-8,0,53030
304,-4,9,-6,0,30024
304,-4,10,-6,0,30238
304,-4,9,-7,0,34212
304,-4,9,-8,0,36349
304,-4,9,-6,1,35969
304,-4,9,-7,2,41714
304,-4,9,-8,2,44036
304,-3,9,-7,0,50594
305,-4,9,-5,0,29538
305,-4,9,-7,0,32913
305,-4,9,-6,0,32643
305,-4,9,-8,0,38077
305,-4,9,-8,1,41761
305,-4,9,-7,2,42243
305,-4,10,-8,1,43324
305,-4,9,-8,2,49202
306,-4,9,-6,0,31150
306,-4,9,-7,0,33549
306,-4,9,-8,0,36847
306,-4,9,-6,1,37577
306,-4,9,-8,1,42662
306,-4,9,-8,2,48981
306,-3,9,-7,0,55196
306,-3,9,-8,0,56518
307,-4,9,-6,0,35601
307,-4,9,-7,0,39057
307,-4,9,-8,0,40271
307,-4,10,-8,0,40776
307,-4,9,-8,2,53314
307,-3,9,-8,0,63999
307,-3,9,-7,0,64143
307,-3,9,-8,1,76072
308,-4,9,-8,0,45358
308,-4,9,-8,2,72311
308,-3,9,-8,0,85825
308,-3,9,-7,0,89261
308,-3,10,-8,0,98858
308,-3,9,-7,1,105554
308,-3,9,-8,1,109856
308,-3,10,-8,1,114014
309,-4,9,-7,0,48506
309,-3,9,-7,0,104047
309,-3,10,-8,0,106268
309,-3,9,-8,0,107636
309,-3,9,-6,1,117446
309,-3,9,-7,1,123052
309,-3,9,-8,1,130645
309,-2,9,-8,0,172633
310,-4,9,-8,0,46870
310,-3,9,-7,0,83888
310,-3,9,-6,0,84583
310,-3,9,-8,0,86488
310,-3,9,-6,1,98090
310,-3,9,-7,1,108619
310,-2,9,-8,0,145446
310,-2,10,-8,0,165592
311,-4,9,-7,0,44101
311,-3,9,-7,0,66028
311,-3,9,-6,0,67063
311,-3,9,-6,1,73251
311,-3,10,-6,1,77581
311,-3,9,-7,1,82275
311,-2,9,-6,0,102862
311,-2,9,-7,1,137772
312,-4,9,-7,0,32051
312,-4,9,-7,1,39814
312,-3,9,-6,0,52508
312,-3,9,-7,0,56847
312,-3,9,-7,1,67871
312,-3,9,-6,2,77527
312,-2,9,-7,1,114859
312,-1,9,-7,1,258099
313,-4,9,-6,0,30055
313,-3,10,-7,0,55361
313,-3,9,-7,0,55866
313,-3,9,-6,0,57476
313,-3,9,-6,1,63306
313,-3,9,-7,1,65606
313,-2,9,-7,1,113072
313,-2,9,-7,2,136942
314,-3,9,-7,0,53993
314,-3,10,-7,0,54768
314,-3,9,-6,1,59205
314,-3,9,-7,1,61914
314,-2,9,-7,0,80423
314,-2,9,-7,1,95724
314,-2,9,-7,2,119998
314,-2,9,-8,2,123238
315,-3,9,-7,1,63388
315,-2,9,-7,0,88275
315,-2,10,-7,0,92099
315,-2,9,-6,1,98507
315,-2,9,-7,1,105618
315,-2,9,-8,1,112163
315,-2,9,-8,2,125863
315,-2,9,-7,2,130152
316,-3,9,-6,1,53319
316,-2,9,-7,0,75843
316,-3,9,-8,2,76700
316,-2,9,-8,0,77132
316,-2,9,-6,1,85954
316,-2,9,-8,1,94643
316,-2,9,-7,2,109994
316,-2,9,-8,2,111428
317,-2,9,-6,0,69111
317,-2,9,-7,0,75842
317,-2,9,-6,1,87034
317,-2,9,-8,1,90578
317,-2,10,-8,1,95494
317,-1,9,-7,0,107152
317,-2,9,-8,2,110316
317,-2,10,-8,2,112925
318,-2,9,-7,1,94953
318,-2,10,-7,1,94563
318,-2,9,-8,1,103404
318,-2,10,-8,1,103878
318,-2,9,-8,2,113402
318,-2,10,-8,2,118307
318,-2,11,-8,2,120381
318,-1,9,-8,2,177861
319,-3,9,-8,1,58247
319,-3,9,-8,2,70714
319,-2,9,-7,1,85845
319,-2,9,-8,1,92108
319,-2,10,-7,1,92314
319,-2,9,-8,2,106285
319,-1,9,-8,1,143468
319,-1,10,-8,1,156953
320,-3,9,-8,1,55338
320,-3,9,-7,1,56254
320,-3,11,-8,1,56110
320,-3,10,-8,1,58708
320,-3,9,-8,2,62105
320,-2,10,-8,1,80624
320,-2,9,-8,1,89169
320,-2,9,-8,2,99279
321,-4,9,-8,1,35056
321,-3,9,-8,0,42932
321,-3,9,-6,1,46595
321,-3,9,-7,0,48385
321,-3,9,-7,1,52462
321,-3,9,-8,1,55785
321,-3,9,-7,2,57909
321,-2,9,-8,1,75706
322,-4,9,-7,0,26232
322,-4,10,-8,0,27844
322,-4,9,-8,0,28384
322,-4,9,-7,1,28702
322,-4,9,-8,1,31757
322,-4,9,-8,2,35279
322,-3,9,-8,1,47147
322,-2,9,-8,1,69601
323,-4,10,-7,0,26240
323,-4,9,-8,0,27747
323,-4,10,-8,0,28067
323,-4,9,-8,1,33940
323,-4,9,-7,2,36047
323,-4,9,-8,2,40175
323,-3,9,-8,0,40603
323,-3,9,-8,1,42904
324,-4,9,-7,0,28750
324,-4,9,-8,0,29719
324,-4,9,-8,1,31485
324,-4,9,-7,2,34190
324,-4,9,-8,2,38661
324,-3,9,-8,0,40242
324,-3,9,-7,0,40139
324,-3,9,-8,2,51384
325,-4,9,-7,0,26261
325,-4,10,-8,0,29274
325,-4,9,-8,0,29754
325,-4,9,-8,1,31591
325,-4,9,-8,2,35607
325,-4,9,-7,2,35436
325,-3,9,-8,0,38766
325,-3,10,-8,0,40811
326,-4,9,-8,0,28668
326,-4,10,-8,0,30820
326,-4,10,-8,1,33059
326,-4,9,-8,1,36493
326,-4,9,-7,2,36731
326,-4,9,-8,2,37414
326,-3,9,-8,1,43350
326,-3,9,-8,0,45061
327,-4,10,-8,0,27497
327,-4,9,-8,0,27970
327,-4,9,-8,1,31681
327,-4,9,-8,2,34643
327,-4,10,-8,2,37363
327,-3,9,-8,0,40839
327,-3,9,-8,1,43512
327,-3,9,-8,2,55915
328,-4,9,-8,0,27080
328,-4,9,-8,1,31521
328,-4,10,-8,0,33029
328,-4,9,-7,2,36400
328,-4,9,-8,2,36950
328,-4,10,-8,2,39922
328,-3,9,-8,0,41822
328,-3,9,-8,2,49080
329,-4,10,-8,0,27725
329,-4,9,-8,0,28547
329,-4,9,-8,1,32521
329,-4,9,-7,2,33142
329,-4,9,-8,2,35930
329,-4,10,-8,1,37196
329,-3,9,-8,0,40005
329,-3,10,-8,0,42714
330,-4,9,-7,0,26145
330,-4,10,-8,0,26882
330,-4,9,-8,0,27323
330,-4,9,-8,1,30307
330,-4,9,-8,2,33233
330,-4,10,-8,2,37777
330,-3,9,-8,0,38256
330,-3,9,-8,1,39618
331,-4,9,-7,0,27058
331,-4,9,-8,0,29423
331,-4,9,-7,1,30674
331,-4,9,-8,1,32814
331,-4,9,-7,2,33708
331,-3,9,-7,0,38421
331,-3,9,-8,0,42944
331,-2,9,-8,0,53882
332,-4,10,-7,0,25391
332,-4,10,-8,0,26530
332,-4,9,-8,0,27080
332,-4,9,-7,0,27994
332,-4,9,-7,2,33136
332,-4,9,-8,2,34690
332,-3,9,-7,0,36040
332,-3,9,-8,0,38123
333,-4,11,-8,0,27110
333,-4,10,-8,0,28872
333,-4,10,-8,1,31084
333,-4,9,-8,0,31582
333,-4,9,-8,1,31707
333,-4,10,-8,2,36382
333,-3,9,-8,0,38967
333,-3,9,-8,1,42880
334,-4,11,-8,0,27111
334,-4,9,-8,0,27543
334,-4,10,-8,0,27439
334,-4,9,-8,1,32953
334,-4,9,-8,2,35036
334,-4,10,-8,2,34965
334,-3,9,-8,0,40644
334,-3,9,-8,2,50035
335,-4,10,-8,0,26009
335,-4,9,-8,0,28379
335,-4,10,-7,1,26737
335,-4,9,-8,2,33624
335,-4,9,-8,1,33687
335,-4,10,-8,1,33864
335,-4,10,-8,2,35960
335,-4,11,-8,2,34666
336,-4,9,-7,0,27098
336,-4,10,-8,0,27075
336,-4,9,-8,0,29834
336,-4,9,-7,1,29741
336,-4,9,-8,1,32481
336,-3,9,-8,0,39110
336,-3,10,-8,0,41128
336,-3,9,-8,1,41947
337,-4,9,-6,0,26179
337,-4,9,-7,0,26617
337,-4,9,-8,0,27033
337,-4,10,-8,0,27609
337,-4,9,-8,1,30775
337,-4,10,-8,1,33323
337,-4,9,-8,2,34120
337,-3,9,-7,0,38455
338,-4,9,-8,0,28493
338,-4,9,-7,0,30780
338,-4,9,-8,1,33815
338,-4,9,-8,2,35082
338,-4,9,-7,2,34731
338,-4,10,-8,2,38161
338,-3,9,-8,0,38981
338,-3,9,-8,1,44196
339,-4,10,-8,0,27070
339,-4,9,-7,0,27797
339,-4,9,-8,0,29186
339,-4,9,-6,1,29538
339,-4,9,-7,1,30081
339,-4,9,-8,1,32723
339,-3,9,-7,0,41769
339,-3,9,-8,1,41986
340,-4,9,-8,0,27685
340,-4,10,-8,0,27308
340,-4,9,-7,1,30486
340,-4,9,-8,1,32769
340,-4,10,-8,2,34466
340,-3,9,-8,0,38265
340,-4,9,-8,2,40298
340,-3,9,-8,2,49954
341,-4,9,-7,0,25181
341,-4,9,-8,0,27398
341,-4,9,-7,1,29577
341,-4,9,-8,1,32736
341,-4,9,-8,2,36454
341,-3,9,-7,0,36875
341,-3,9,-8,0,38063
341,-3,10,-8,0,39016
342,-4,10,-7,0,26123
342,-4,9,-8,0,26966
342,-4,10,-8,0,26969
342,-4,9,-7,0,30438
342,-4,9,-8,1,30987
342,-4,11,-8,0,31372
342,-4,9,-8,2,35527
342,-3,9,-8,1,41381
343,-4,9,-7,0,27681
343,-4,9,-8,0,28116
343,-4,9,-8,1,28674
343,-4,9,-7,1,29222
343,-4,9,-8,2,35769
343,-3,9,-8,0,44076
343,-3,9,-8,1,41535
343,-3,9,-8,2,49419
344,-4,9,-6,0,25383
344,-4,9,-7,0,26902
344,-4,9,-8,0,27375
344,-4,10,-8,0,27182
344,-4,9,-8,1,29514
344,-4,10,-8,1,31017
344,-4,9,-8,2,33769
344,-3,9,-8,0,40205
345,-4,9,-8,0,27664
345,-4,9,-7,0,26143
345,-4,10,-7,1,29154
345,-4,9,-8,1,31510
345,-4,9,-7,1,30276
345,-4,9,-8,2,33865
345,-4,10,-8,1,32335
345,-4,9,-7,2,32753
346,-4,10,-7,0,26000
346,-4,9,-8,0,27726
346,-4,9,-7,1,28430
346,-4,9,-8,1,32579
346,-4,9,-7,2,32727
346,-4,9,-7,0,33173
346,-4,9,-8,2,34460
346,-3,9,-8,1,41514
347,-4,9,-6,0,22522
347,-4,10,-8,0,24929
347,-4,9,-7,0,26008
347,-4,9,-8,0,28401
347,-4,10,-7,0,29356
347,-3,9,-8,0,36983
347,-3,9,-7,0,36476
347,-2,9,-8,0,50378
348,-4,10,-7,0,25518
348,-4,9,-8,0,28069
348,-4,11,-8,0,27535
348,-4,10,-8,0,28603
348,-4,9,-7,0,31098
348,-4,9,-8,1,31578
348,-4,10,-8,2,32271
348,-3,9,-8,0,43027
349,-4,9,-7,0,26225
349,-4,9,-8,0,27755
349,-4,9,-7,1,29120
349,-4,9,-8,1,30615
349,-4,10,-8,0,32753
349,-4,9,-8,2,34367
349,-4,10,-8,2,35648
349,-3,9,-8,0,41846
350,-4,9,-8,0,28274
350,-4,9,-8,1,32847
350,-4,9,-7,0,35025
350,-4,10,-8,2,35493
350,-4,9,-8,2,37242
350,-3,9,-7,0,39740
350,-3,9,-8,0,40638
350,-3,10,-8,0,40483
351,-4,10,-7,0,27192
351,-4,10,-8,0,29074
351,-4,9,-8,0,30038
351,-4,9,-8,1,33790
351,-4,9,-8,2,35012
351,-4,10,-8,2,35256
351,-3,9,-8,0,40097
351,-3,9,-8,1,44442
352,-4,9,-8,0,26801
352,-4,10,-8,0,27923
352,-4,9,-8,1,30503
352,-4,9,-8,2,37476
352,-3,9,-8,0,39263
352,-3,10,-8,0,37567
352,-3,9,-8,2,49341
352,-2,9,-8,0,54578
353,-4,9,-6,0,25306
353,-4,10,-8,0,26340
353,-4,9,-7,0,27836
353,-4,9,-8,0,31084
353,-4,9,-8,1,33983
353,-4,9,-8,2,34456
353,-3,9,-7,0,37712
353,-3,9,-8,1,41816
354,-4,9,-7,0,26059
354,-4,9,-8,0,26843
354,-4,10,-8,0,26366
354,-4,10,-8,2,31767
354,-4,9,-7,2,34691
354,-4,9,-8,2,37705
354,-3,9,-8,0,38348
354,-2,9,-8,0,53148
355,-4,9,-8,0,26621
355,-4,10,-8,0,26353
355,-4,9,-7,0,28166
355,-4,11,-8,0,29615
355,-4,9,-8,1,30694
355,-4,9,-8,2,33854
355,-3,9,-8,0,37950
355,-3,9,-8,1,43740
356,-4,9,-8,0,26791
356,-4,10,-8,0,28640
356,-4,9,-7,1,28950
356,-4,9,-7,0,29327
356,-4,9,-8,1,30616
356,-4,10,-8,1,30821
356,-4,9,-7,2,32352
356,-4,9,-8,2,34945
357,-4,9,-8,0,26697
357,-4,9,-7,0,28228
357,-4,9,-6,0,28967
357,-4,9,-8,1,32053
357,-4,10,-8,0,33669
357,-3,10,-8,0,38686
357,-3,9,-8,0,39640
357,-3,9,-8,2,53459
358,-4,10,-8,0,26088
358,-4,9,-8,0,26593
358,-4,9,-7,0,27775
358,-4,9,-7,1,30071
358,-4,9,-8,1,30251
358,-4,9,-8,2,36969
358,-3,9,-8,0,40423
358,-2,9,-8,0,52815
359,-4,9,-8,0,21646
359,-4,9,-7,1,23855
359,-4,9,-7,0,26545
359,-4,9,-8,1,28283
359,-4,9,-8,2,31026
359,-4,10,-8,0,25833
359,-4,10,-8,1,26666
359,-3,9,-8,2,46722
360,-4,9,-7,0,22363
360,-4,10,-8,0,25744
360,-4,9,-8,0,26975
360,-4,9,-8,1,29329
360,-4,9,-7,2,30792
360,-4,9,-8,2,32893
360,-3,9,-8,1,43359
360,-3,9,-8,0,45634
361,-4,10,-8,0,26263
361,-4,9,-8,0,27655
361,-4,9,-7,1,28676
361,-4,9,-8,1,32675
361,-4,9,-8,2,34070
361,-4,10,-8,1,33631
361,-3,9,-8,0,43288
361,-3,9,-8,1,43326
362,-4,10,-7,0,26589
362,-4,10,-8,0,27092
362,-4,9,-8,0,28563
362,-4,9,-8,1,31782
362,-4,10,-8,1,31644
362,-4,9,-7,2,32362
362,-4,9,-8,2,36573
362,-3,10,-8,0,37544
363,-4,10,-7,0,24657
363,-4,9,-8,0,26357
363,-4,9,-7,0,26340
363,-4,10,-8,0,26522
363,-4,10,-8,1,29979
363,-3,9,-8,0,36581
363,-3,9,-8,1,47153
363,-3,9,-8,2,47321
364,-4,9,-7,0,25509
364,-4,9,-8,0,26861
364,-4,10,-8,0,26612
364,-4,11,-8,0,27366
364,-4,9,-6,0,29230
364,-4,9,-8,1,30221
364,-3,9,-8,0,36708
364,-3,9,-7,0,37568
365,-4,9,-8,0,26389
365,-4,10,-8,0,28316
365,-4,9,-7,0,30665
365,-4,9,-8,1,31249
365,-4,10,-8,1,31104
365,-4,9,-7,2,32389
365,-4,9,-8,2,33943
365,-3,9,-8,0,40763
366,-4,9,-8,0,27113
366,-4,10,-8,0,27642
366,-4,10,-8,1,30339
366,-4,9,-8,1,32096
366,-4,9,-8,2,35801
366,-4,10,-8,2,39241
366,-3,9,-8,0,40860
366,-3,9,-8,1,44393
367,-4,10,-7,0,25544
367,-4,9,-7,0,26448
367,-4,10,-8,0,26582
367,-4,9,-8,0,27162
367,-4,9,-7,2,31345
367,-4,9,-8,2,33618
367,-3,9,-8,0,39768
367,-2,9,-8,0,52111
368,-4,10,-8,0,26320
368,-4,9,-8,0,27617
368,-4,9,-7,0,28259
368,-4,9,-8,1,32985
368,-3,9,-7,0,37095
368,-3,9,-8,0,38283
368,-3,10,-8,0,39179
368,-2,9,-8,0,53099
369,-4,9,-7,0,27229
369,-4,9,-8,0,28113
369,-4,9,-8,1,31502
369,-4,9,-7,2,32993
369,-4,10,-8,2,33491
369,-4,10,-7,2,33662
369,-4,9,-8,2,35570
369,-3,9,-8,1,44410
370,-4,9,-7,0,26970
370,-4,10,-8,0,27090
370,-4,9,-8,0,29596
370,-4,9,-8,2,34346
370,-3,9,-7,0,38357
370,-3,9,-8,0,38674
370,-3,9,-8,2,52806
370,-2,9,-8,0,53958
371,-4,9,-6,0,25551
371,-4,9,-7,0,28595
371,-4,9,-8,0,31221
371,-4,9,-8,1,31208
371,-4,10,-8,2,33381
371,-4,9,-8,2,33944
371,-3,9,-8,0,38549
371,-3,9,-8,1,44112
372,-4,11,-8,0,27366
372,-4,9,-8,0,28081
372,-4,9,-7,0,28189
372,-4,9,-8,1,30554
372,-4,10,-8,0,34614
372,-4,9,-8,2,35311
372,-3,9,-7,0,38791
372,-3,9,-8,0,39349
373,-4,9,-8,0,27533
373,-4,9,-7,0,29322
373,-4,9,-8,1,31074
373,-4,9,-7,1,35113
373,-4,9,-8,2,35421
373,-3,9,-8,0,42696
373,-3,9,-7,0,43159
373,-3,9,-8,1,45031
374,-4,9,-7,0,26761
374,-4,9,-8,0,28547
374,-4,9,-7,1,31087
374,-4,9,-8,1,31319
374,-4,10,-8,0,32474
374,-4,9,-8,2,34992
374,-3,9,-8,1,44103
374,-3,9,-8,2,50015
375,-4,10,-7,0,26612
375,-4,9,-8,0,27626
375,-4,9,-7,0,29788
375,-4,10,-8,1,31687
375,-4,9,-8,1,32465
375,-4,9,-7,2,34177
375,-4,9,-8,2,35809
375,-3,9,-8,0,38077
376,-4,9,-8,0,26629
376,-4,9,-7,0,26845
376,-4,10,-8,0,28963
376,-4,10,-8,1,30567
376,-4,9,-7,1,31218
376,-3,9,-7,0,36555
376,-3,9,-8,0,37502
376,-3,9,-8,1,43139
377,-4,9,-6,0,24824
377,-4,10,-8,0,25491
377,-4,9,-8,0,25944
377,-4,9,-7,0,26253
377,-3,10,-8,0,36217
377,-3,9,-8,0,37112
377,-3,10,-8,1,40979
377,-3,9,-8,2,53019
378,-4,9,-8,0,27083
378,-4,10,-8,0,29188
378,-4,9,-8,1,31204
378,-4,10,-8,1,31115
378,-4,9,-8,2,33985
378,-4,10,-8,2,34131
378,-3,9,-8,0,38556
378,-2,9,-8,0,51925
379,-4,9,-8,0,27022
379,-4,9,-8,1,30608
379,-4,10,-8,0,32707
379,-4,9,-8,2,35089
379,-3,9,-7,0,38956
379,-3,9,-8,0,39409
379,-3,10,-8,0,42110
379,-2,9,-8,0,51881
380,-4,9,-6,0,26728
380,-4,9,-7,0,27618
380,-4,9,-8,0,32049
380,-4,9,-7,1,33196
380,-4,9,-7,2,34272
380,-4,10,-8,0,34219
380,-4,9,-8,2,36058
380,-3,9,-8,0,39298
381,-4,9,-6,0,24610
381,-4,10,-7,0,26287
381,-4,9,-8,0,27378
381,-4,9,-7,0,28016
381,-4,10,-8,0,28003
381,-4,9,-8,1,29515
381,-4,9,-7,2,33921
381,-3,10,-8,0,39790
382,-4,9,-6,0,24782
382,-4,10,-8,0,26111
382,-4,9,-8,0,27177
382,-4,9,-7,0,27594
382,-4,9,-8,1,28904
382,-4,9,-8,2,32619
382,-4,10,-8,2,32602
382,-3,9,-8,0,42356
383,-4,9,-7,0,26010
383,-4,10,-8,0,26725
383,-4,9,-8,0,27834
383,-4,9,-8,1,29427
383,-4,9,-7,1,30344
383,-4,9,-8,2,33783
383,-4,10,-8,1,33537
383,-3,9,-8,2,48616
384,-4,9,-7,0,26387
384,-4,10,-8,0,26204
384,-4,9,-8,0,27313
384,-4,9,-7,1,29683
384,-4,9,-8,1,30913
384,-4,9,-7,2,33982
384,-4,9,-8,2,34471
384,-3,9,-8,0,37969
385,-4,9,-7,0,25789
385,-4,9,-8,0,27792
385,-4,10,-8,1,28531
385,-4,10,-8,0,29501
385,-4,9,-8,2,32681
385,-4,9,-7,2,33310
385,-4,9,-8,1,34487
385,-4,10,-8,2,32950
386,-4,9,-8,0,26569
386,-4,10,-8,0,28362
386,-4,11,-8,0,29553
386,-4,9,-8,1,30557
386,-4,10,-8,1,31880
386,-4,9,-8,2,32416
386,-3,9,-8,0,37224
386,-2,9,-8,0,50547
387,-4,9,-8,0,26261
387,-4,10,-8,0,26478
387,-4,10,-8,1,27860
387,-4,9,-8,1,30582
387,-4,9,-7,2,32652
387,-4,9,-8,2,33177
387,-3,9,-8,0,38826
387,-3,9,-8,1,40964
388,-4,10,-8,0,25638
388,-4,9,-7,0,25969
388,-4,9,-8,0,26683
388,-4,9,-8,1,28116
388,-4,9,-7,1,28273
388,-4,9,-8,2,30136
388,-4,10,-8,1,27167
388,-4,11,-8,0,24640
389,-4,9,-8,0,25277
389,-4,10,-8,0,27115
389,-4,10,-8,1,31755
389,-4,9,-8,2,33651
389,-4,9,-7,2,33780
389,-3,9,-8,0,39551
389,-3,10,-8,0,38334
389,-3,9,-8,2,49043
390,-4,10,-8,0,25392
390,-4,9,-8,0,25629
390,-4,11,-8,0,25234
390,-4,9,-7,2,31154
390,-4,9,-8,2,31859
390,-3,9,-8,0,37512
390,-3,10,-8,0,37613
390,-2,9,-8,0,51032
391,-4,9,-8,0,27284
391,-4,9,-8,1,30386
391,-4,9,-8,2,35054
391,-4,9,-7,0,35682
391,-3,9,-8,0,38195
391,-3,9,-8,1,43897
391,-3,9,-8,2,50771
391,-2,9,-8,0,51938
392,-4,9,-8,0,25251
392,-4,9,-6,0,25505
392,-4,9,-8,1,28077
392,-4,9,-7,0,30740
392,-4,9,-8,2,32755
392,-4,10,-8,2,33202
392,-3,10,-8,0,36394
392,-3,9,-8,0,36747
393,-4,10,-8,0,25174
393,-4,9,-8,0,28411
393,-4,9,-7,0,28658
393,-4,9,-8,1,29660
393,-4,9,-7,2,32806
393,-4,9,-8,2,35428
393,-3,10,-8,0,36001
393,-3,9,-8,2,50098
394,-4,9,-8,0,25148
394,-4,10,-8,0,26213
394,-4,11,-8,0,31834
394,-4,10,-8,2,32989
394,-4,9,-8,2,34100
394,-3,9,-7,0,36173
394,-3,10,-8,0,36092
394,-3,9,-8,0,39548
395,-4,9,-7,0,22938
395,-4,9,-8,0,24317
395,-4,9,-8,1,27027
395,-4,9,-7,1,26097
395,-4,9,-8,2,30340
395,-4,10,-8,0,29526
395,-4,9,-7,2,29702
395,-3,9,-8,2,48412
396,-4,10,-7,0,25021
396,-4,10,-8,0,25478
396,-4,9,-7,0,25920
396,-4,9,-8,0,27019
396,-4,9,-8,1,27715
396,-4,10,-8,1,28149
396,-4,9,-8,2,32277
396,-3,9,-8,1,41896
397,-4,9,-6,0,23463
397,-4,10,-8,0,24902
397,-4,9,-7,0,26933
397,-4,11,-8,0,24960
397,-4,9,-8,0,28687
397,-4,9,-8,1,30889
397,-4,9,-7,2,32339
397,-3,9,-8,0,34945
398,-4,10,-8,0,25484
398,-4,9,-8,0,25919
398,-4,9,-8,1,27950
398,-3,10,-8,0,35182
398,-4,9,-8,2,35780
398,-3,9,-8,0,38927
398,-3,9,-8,2,49061
398,-2,9,-8,0,49463
399,-4,10,-8,0,24865
399,-4,9,-8,0,26038
399,-4,9,-8,1,27645
399,-4,9,-7,1,28074
399,-4,10,-8,1,27961
399,-4,9,-7,0,29814
399,-4,9,-7,2,31665
399,-4,9,-8,2,34581
